basin,year,ET_annual_anomaly_mm
Amazon Basin,2002,7.303937025870667
Amazon Basin,2003,34.9674799516788
Amazon Basin,2004,19.033406903926803
Amazon Basin,2005,25.500831638077017
Amazon Basin,2006,39.08882719168021
Amazon Basin,2007,18.801739059866236
Amazon Basin,2008,-12.819363714735005
Amazon Basin,2009,-10.509162772369223
Amazon Basin,2010,-29.22126588393951
Amazon Basin,2011,-46.60178480192813
Amazon Basin,2012,-30.638982324681066
Amazon Basin,2013,-28.01286487779197
Amazon Basin,2014,-13.750264730206283
Amazon Basin,2015,16.482901837414417
Amazon Basin,2016,13.711127566470779
Amazon Basin,2017,-6.803144741462617
Amazon Basin,2018,23.949262554865697
Amazon Basin,2019,-4.650084913553812
Amazon Basin,2020,-2.689137779656633
Amazon Basin,2021,-31.02292877804574
Amazon Basin,2022,-12.399568083705574
Amazon Basin,2023,21.485469026930787
Amazon Basin,2024,8.793570645293485
California,2002,-16.570646472418225
California,2003,14.479638080587241
California,2004,13.7431617845324
California,2005,51.82045668484177
California,2006,17.766187995101436
California,2007,-16.398154815251175
California,2008,-18.61643881557596
California,2009,-10.03867075872639
California,2010,33.62563321918279
California,2011,38.868389640983885
California,2012,-9.508405789322842
California,2013,-12.969405689973415
California,2014,-29.87211202445117
California,2015,-10.876265493051552
California,2016,5.163930336038167
California,2017,2.283241039411145
California,2018,-19.958919292937825
California,2019,34.515298078044516
California,2020,-11.865346703680894
California,2021,-48.29648906468445
California,2022,-35.30710460159864
California,2023,34.9258822562889
California,2024,-6.913859593339502
Colorado,2002,-44.94570187909976
Colorado,2003,-14.133353893078684
Colorado,2004,-3.274685773671349
Colorado,2005,17.802139923218355
Colorado,2006,-15.743459709496449
Colorado,2007,-20.81842178671462
Colorado,2008,-8.813214408154542
Colorado,2009,-11.726055755281294
Colorado,2010,18.336268045178084
Colorado,2011,6.611258193501749
Colorado,2012,-31.63100744105705
Colorado,2013,2.7151483431713004
Colorado,2014,-2.3813609324277856
Colorado,2015,21.84597925101056
Colorado,2016,11.34338873008805
Colorado,2017,4.370433782048433
Colorado,2018,-16.026203831441926
Colorado,2019,37.185792376550694
Colorado,2020,-5.4262209199617
Colorado,2021,0.7820176928076243
Colorado,2022,16.5624157549897
Colorado,2023,30.455077750525057
Colorado,2024,6.90976648729573
Congo,2002,-56.111269680888014
Congo,2003,-36.95780112665277
Congo,2004,-52.93944792994196
Congo,2005,-46.07605140688209
Congo,2006,-27.634934632213003
Congo,2007,-28.91390236557011
Congo,2008,-53.66235945388216
Congo,2009,-11.157583556975666
Congo,2010,16.49841801540444
Congo,2011,-11.699926314780583
Congo,2012,-24.647747594634126
Congo,2013,4.609007240016339
Congo,2014,25.02436163721859
Congo,2015,25.47954367577364
Congo,2016,23.105521952070887
Congo,2017,28.89214179804459
Congo,2018,53.17880196763204
Congo,2019,39.58846768415101
Congo,2020,43.68489566473947
Congo,2021,36.1092835356727
Congo,2022,3.4245445260742713
Congo,2023,46.29119567307032
Congo,2024,3.9148406925513513
Danube,2002,-18.423931745434345
Danube,2003,-35.0439092798921
Danube,2004,-3.627941373277867
Danube,2005,9.886961011322894
Danube,2006,12.771381543772595
Danube,2007,-34.902648959312515
Danube,2008,5.757222797961271
Danube,2009,-4.045457619344882
Danube,2010,18.75817535899099
Danube,2011,10.308194907994908
Danube,2012,-23.624456145054914
Danube,2013,2.2949994430278746
Danube,2014,7.461146411374802
Danube,2015,-1.9571414209922136
Danube,2016,23.419007525497683
Danube,2017,2.0766088125602646
Danube,2018,36.09714078597377
Danube,2019,14.147008299676212
Danube,2020,0.10675261963588056
Danube,2021,2.4762997709831076
Danube,2022,-23.2831512528906
Danube,2023,10.470959417121428
Danube,2024,-11.123220909693567
Ganges / Brahmaputra Basin,2002,-77.06527925033681
Ganges / Brahmaputra Basin,2003,-7.84606018831305
Ganges / Brahmaputra Basin,2004,-38.18829660094637
Ganges / Brahmaputra Basin,2005,-21.11902384311789
Ganges / Brahmaputra Basin,2006,-23.201442572366744
Ganges / Brahmaputra Basin,2007,-22.955334513409742
Ganges / Brahmaputra Basin,2008,16.528512593889353
Ganges / Brahmaputra Basin,2009,-58.22099173098038
Ganges / Brahmaputra Basin,2010,-23.694416669806195
Ganges / Brahmaputra Basin,2011,29.956517343514555
Ganges / Brahmaputra Basin,2012,-58.78365207451691
Ganges / Brahmaputra Basin,2013,0.8722056257062469
Ganges / Brahmaputra Basin,2014,-33.00816007318185
Ganges / Brahmaputra Basin,2015,-57.6130493600068
Ganges / Brahmaputra Basin,2016,-11.515543835684682
Ganges / Brahmaputra Basin,2017,28.800354169811158
Ganges / Brahmaputra Basin,2018,12.993810139870313
Ganges / Brahmaputra Basin,2019,49.68681051983547
Ganges / Brahmaputra Basin,2020,89.33481114648495
Ganges / Brahmaputra Basin,2021,83.95254513329624
Ganges / Brahmaputra Basin,2022,40.166132649810564
Ganges / Brahmaputra Basin,2023,45.065167801533065
Ganges / Brahmaputra Basin,2024,35.85438358891523
Mekong Basin,2002,-16.778926744352667
Mekong Basin,2003,17.334875416358138
Mekong Basin,2004,-63.110388990043944
Mekong Basin,2005,-31.211528163460997
Mekong Basin,2006,19.490790162102698
Mekong Basin,2007,-28.90670832017699
Mekong Basin,2008,-18.315050828773153
Mekong Basin,2009,5.5918162601621475
Mekong Basin,2010,-28.03956218783882
Mekong Basin,2011,-6.99914581612375
Mekong Basin,2012,11.777472692826024
Mekong Basin,2013,0.8321521214718786
Mekong Basin,2014,2.0770902609320956
Mekong Basin,2015,3.8835713486526586
Mekong Basin,2016,3.168619259895806
Mekong Basin,2017,46.8515724281836
Mekong Basin,2018,36.00749154596541
Mekong Basin,2019,17.410338027075824
Mekong Basin,2020,-15.503166641364615
Mekong Basin,2021,10.628574039873257
Mekong Basin,2022,45.53017130520911
Mekong Basin,2023,5.120183158086121
Mekong Basin,2024,-16.840240334659484
Mississippi / Missouri,2002,-42.388220393226135
Mississippi / Missouri,2003,-31.450884923804672
Mississippi / Missouri,2004,-7.33036301256703
Mississippi / Missouri,2005,-12.59426294783096
Mississippi / Missouri,2006,-44.73105753571515
Mississippi / Missouri,2007,-6.170909054997146
Mississippi / Missouri,2008,-10.018367050505024
Mississippi / Missouri,2009,-1.0106549968944663
Mississippi / Missouri,2010,9.036360040118435
Mississippi / Missouri,2011,-20.508984905287477
Mississippi / Missouri,2012,-57.28073867572026
Mississippi / Missouri,2013,-0.8827739832790229
Mississippi / Missouri,2014,4.358506026837592
Mississippi / Missouri,2015,23.809347405525806
Mississippi / Missouri,2016,29.36013672655817
Mississippi / Missouri,2017,15.395651322245541
Mississippi / Missouri,2018,21.649265264115733
Mississippi / Missouri,2019,50.45577084801934
Mississippi / Missouri,2020,32.0208868126393
Mississippi / Missouri,2021,16.873291375199887
Mississippi / Missouri,2022,-0.718068978066718
Mississippi / Missouri,2023,20.86124959219727
Mississippi / Missouri,2024,11.26482104443723
Murray Darling,2002,-102.01333737542518
Murray Darling,2003,-35.81648021610418
Murray Darling,2004,-26.288311070330362
Murray Darling,2005,-16.16621027325681
Murray Darling,2006,-83.2227384661131
Murray Darling,2007,-52.262080755382385
Murray Darling,2008,-8.545745754294417
Murray Darling,2009,-50.45825236006706
Murray Darling,2010,130.7814258896692
Murray Darling,2011,82.31672159371587
Murray Darling,2012,31.18222472376761
Murray Darling,2013,-29.24519643335865
Murray Darling,2014,-25.157404065363416
Murray Darling,2015,5.128033556466548
Murray Darling,2016,59.07623760565835
Murray Darling,2017,-16.755190707801866
Murray Darling,2018,-75.08801868894489
Murray Darling,2019,-97.25587243607401
Murray Darling,2020,31.536548159653062
Murray Darling,2021,78.63148573112373
Murray Darling,2022,131.1054962097969
Murray Darling,2023,-5.328608958261288
Murray Darling,2024,73.8452740909265
Nile,2002,-101.82491431250006
Nile,2003,-34.05986050118949
Nile,2004,-72.78613946745475
Nile,2005,-58.72745670447497
Nile,2006,-43.8625480822147
Nile,2007,-14.255368675011923
Nile,2008,-49.90265404259225
Nile,2009,-77.37155205595799
Nile,2010,5.235952488314709
Nile,2011,2.2162056596384936
Nile,2012,25.476529892996105
Nile,2013,18.985597491388628
Nile,2014,55.43159252283227
Nile,2015,-15.45725750205202
Nile,2016,6.172223227367187
Nile,2017,6.58532995094205
Nile,2018,-3.58123943733332
Nile,2019,56.07725532781928
Nile,2020,92.49885908603588
Nile,2021,61.348481876690514
Nile,2022,54.2480160602591
Nile,2023,39.57747695249341
Nile,2024,47.975470244003674
Yangtze Basin,2002,-45.56034944191723
Yangtze Basin,2003,-15.656579981178197
Yangtze Basin,2004,-70.6865602534521
Yangtze Basin,2005,-11.273766333538408
Yangtze Basin,2006,-38.67005735826267
Yangtze Basin,2007,-39.14175410005193
Yangtze Basin,2008,-25.390765972309747
Yangtze Basin,2009,-8.310137393053477
Yangtze Basin,2010,-18.772962153306512
Yangtze Basin,2011,-20.956740053177903
Yangtze Basin,2012,-17.047634513407093
Yangtze Basin,2013,5.388031690263588
Yangtze Basin,2014,8.725296707649754
Yangtze Basin,2015,18.277475898803928
Yangtze Basin,2016,34.02330051494457
Yangtze Basin,2017,43.177120578295046
Yangtze Basin,2018,33.502374144673496
Yangtze Basin,2019,19.8636327720836
Yangtze Basin,2020,33.117128202379945
Yangtze Basin,2021,44.72263312673364
Yangtze Basin,2022,18.048631401707848
Yangtze Basin,2023,19.40972319305346
Yangtze Basin,2024,33.21195932306586
