basin,model,feature,value,abs_normalized
Danube,Logistic Regression,anomaly_lag1,-0.19615790159640137,0.17324449841824527
Danube,Logistic Regression,anomaly_lag2,0.02345671058580189,0.020716708462453007
Danube,Logistic Regression,anomaly_lag3,0.29011649856451616,0.25622769650177196
Danube,Logistic Regression,raw_lag1,-0.03780457653728607,0.03338858565887331
Danube,Logistic Regression,bar_state_lag1,0.03912036462489709,0.03455067520717961
Danube,Logistic Regression,rolling_autocorr_3,0.17827014796887847,0.15744623141085493
Danube,Logistic Regression,rolling_variance_3,0.1487863178930517,0.13140643739100957
Danube,Logistic Regression,rolling_skew_3,0.12052171106902482,0.10644344791994316
Danube,Logistic Regression,rolling_autocorr_6,1.1322604953540214,1.0
Danube,Logistic Regression,rolling_variance_6,-0.7655252811752109,0.6761034976636324
Danube,Logistic Regression,rolling_skew_6,0.1083626511350411,0.09570470009302902
Danube,Logistic Regression,rolling_autocorr_12,-0.3435964355369779,0.3034605878654685
Danube,Logistic Regression,rolling_variance_12,0.39404967524260837,0.348020333535881
Danube,Logistic Regression,rolling_skew_12,-0.37655131991128254,0.3325659788152788
Danube,Logistic Regression,month_sin,0.04110331759952731,0.03630199743626631
Danube,Logistic Regression,month_cos,0.10549686725327193,0.09317367132930524
Danube,Random Forest,anomaly_lag1,0.05702624428358413,0.32421381471283134
Danube,Random Forest,anomaly_lag2,0.0481449707433247,0.27372071964459216
Danube,Random Forest,anomaly_lag3,0.06202913672909472,0.35265697916691957
Danube,Random Forest,raw_lag1,0.05366226642267346,0.3050884434281346
Danube,Random Forest,bar_state_lag1,0.03535945598757693,0.2010306702804006
Danube,Random Forest,rolling_autocorr_3,0.018052856478099785,0.10263669892272478
Danube,Random Forest,rolling_variance_3,0.049364939968048575,0.28065666433372616
Danube,Random Forest,rolling_skew_3,0.04663415283608893,0.2651312001488752
Danube,Random Forest,rolling_autocorr_6,0.17589085256621306,1.0
Danube,Random Forest,rolling_variance_6,0.09723650436435204,0.5528229748488366
Danube,Random Forest,rolling_skew_6,0.11664631507194978,0.6631744253331138
Danube,Random Forest,rolling_autocorr_12,0.06199449385060163,0.3524600224861846
Danube,Random Forest,rolling_variance_12,0.08449060798211137,0.4803581695660119
Danube,Random Forest,rolling_skew_12,0.050396403766895456,0.28652089083441123
Danube,Random Forest,month_sin,0.020556026953155393,0.11686808411720671
Danube,Random Forest,month_cos,0.022514771996230004,0.12800422345871826
Danube,Gradient Boosting,anomaly_lag1,0.04256219139266056,0.21361513102232807
Danube,Gradient Boosting,anomaly_lag2,0.04113449497441799,0.20644967390031566
Danube,Gradient Boosting,anomaly_lag3,0.1211586642277051,0.6080825043692291
Danube,Gradient Boosting,raw_lag1,0.052083511772658436,0.2614016296477145
Danube,Gradient Boosting,bar_state_lag1,0.012287115875254485,0.06166773330265181
Danube,Gradient Boosting,rolling_autocorr_3,0.002759637695229966,0.013850329331077589
Danube,Gradient Boosting,rolling_variance_3,0.08258936434118755,0.41450727294637885
Danube,Gradient Boosting,rolling_skew_3,0.0443559703184906,0.2226179174797084
Danube,Gradient Boosting,rolling_autocorr_6,0.19924708136996044,1.0
Danube,Gradient Boosting,rolling_variance_6,0.07153102896935543,0.35900665885558025
Danube,Gradient Boosting,rolling_skew_6,0.18922989579199986,0.9497248064609752
Danube,Gradient Boosting,rolling_autocorr_12,0.02704836937585098,0.13575290132169002
Danube,Gradient Boosting,rolling_variance_12,0.07247178010321742,0.3637281891655536
Danube,Gradient Boosting,rolling_skew_12,0.03356812508924052,0.16847486476808907
Danube,Gradient Boosting,month_sin,0.002887318563383654,0.014491146086212941
Danube,Gradient Boosting,month_cos,0.005085450139386925,0.02552333567157403
Mississippi / Missouri,Logistic Regression,anomaly_lag1,0.09599631938011598,0.05389711525998991
Mississippi / Missouri,Logistic Regression,anomaly_lag2,0.6974199313610652,0.39156628783173425
Mississippi / Missouri,Logistic Regression,anomaly_lag3,0.6564240153530919,0.3685491385854031
Mississippi / Missouri,Logistic Regression,raw_lag1,0.20514403836310935,0.11517808132596487
Mississippi / Missouri,Logistic Regression,bar_state_lag1,0.09000084622939762,0.050530957999700456
Mississippi / Missouri,Logistic Regression,rolling_autocorr_3,-0.37165451372708336,0.20866535605315323
Mississippi / Missouri,Logistic Regression,rolling_variance_3,0.11646658916087779,0.06539014433549148
Mississippi / Missouri,Logistic Regression,rolling_skew_3,-0.02979292003028408,0.01672722928517286
Mississippi / Missouri,Logistic Regression,rolling_autocorr_6,-0.42362824075275757,0.23784599520768152
Mississippi / Missouri,Logistic Regression,rolling_variance_6,0.30890671056344804,0.1734356138999127
Mississippi / Missouri,Logistic Regression,rolling_skew_6,-0.17500429604009615,0.09825612873049573
Mississippi / Missouri,Logistic Regression,rolling_autocorr_12,0.9091923527711505,0.5104658735588796
Mississippi / Missouri,Logistic Regression,rolling_variance_12,-1.014390797131774,0.5695295201391732
Mississippi / Missouri,Logistic Regression,rolling_skew_12,-1.7811031057422488,1.0
Mississippi / Missouri,Logistic Regression,month_sin,-0.028011159949314312,0.01572686042655631
Mississippi / Missouri,Logistic Regression,month_cos,0.08996667242093201,0.0505117711214364
Mississippi / Missouri,Random Forest,anomaly_lag1,0.08995929017615137,0.3554998139448741
Mississippi / Missouri,Random Forest,anomaly_lag2,0.0787914313663868,0.3113668320009321
Mississippi / Missouri,Random Forest,anomaly_lag3,0.06813118579498234,0.269239828666199
Mississippi / Missouri,Random Forest,raw_lag1,0.06416487057737731,0.2535658019020448
Mississippi / Missouri,Random Forest,bar_state_lag1,0.04477980049315237,0.17696016401010362
Mississippi / Missouri,Random Forest,rolling_autocorr_3,0.011627142120182735,0.04594797104714558
Mississippi / Missouri,Random Forest,rolling_variance_3,0.028536587638397132,0.11277047180126813
Mississippi / Missouri,Random Forest,rolling_skew_3,0.045003201525834924,0.17784299696041067
Mississippi / Missouri,Random Forest,rolling_autocorr_6,0.026594510657424023,0.10509580024649419
Mississippi / Missouri,Random Forest,rolling_variance_6,0.0477364492280211,0.18864420545916377
Mississippi / Missouri,Random Forest,rolling_skew_6,0.039696865845169134,0.1568734968286074
Mississippi / Missouri,Random Forest,rolling_autocorr_12,0.03939221870079752,0.15566959667631763
Mississippi / Missouri,Random Forest,rolling_variance_12,0.14054773732983725,0.5554145033080313
Mississippi / Missouri,Random Forest,rolling_skew_12,0.2530501751263954,1.0
Mississippi / Missouri,Random Forest,month_sin,0.015613658422333058,0.061701828163265374
Mississippi / Missouri,Random Forest,month_cos,0.006374874997557453,0.025192138256269862
Mississippi / Missouri,Gradient Boosting,anomaly_lag1,0.06277000834939578,0.1808856699525436
Mississippi / Missouri,Gradient Boosting,anomaly_lag2,0.05565739223892663,0.16038909262064252
Mississippi / Missouri,Gradient Boosting,anomaly_lag3,0.0512539180170915,0.14769950716923208
Mississippi / Missouri,Gradient Boosting,raw_lag1,0.09965469534905466,0.28717705805919175
Mississippi / Missouri,Gradient Boosting,bar_state_lag1,0.003747772744621146,0.010800036539220959
Mississippi / Missouri,Gradient Boosting,rolling_autocorr_3,0.0034763514217235002,0.010017875932224338
Mississippi / Missouri,Gradient Boosting,rolling_variance_3,0.03323770510557204,0.09578180270808184
Mississippi / Missouri,Gradient Boosting,rolling_skew_3,0.1105222360252491,0.31849428148551095
Mississippi / Missouri,Gradient Boosting,rolling_autocorr_6,0.014659906608789247,0.042245765105081275
Mississippi / Missouri,Gradient Boosting,rolling_variance_6,0.009817498787339179,0.02829129535113764
Mississippi / Missouri,Gradient Boosting,rolling_skew_6,0.006980293442826452,0.02011526028231226
Mississippi / Missouri,Gradient Boosting,rolling_autocorr_12,0.12222981487929396,0.352232260820295
Mississippi / Missouri,Gradient Boosting,rolling_variance_12,0.06344767032174738,0.1828385028912915
Mississippi / Missouri,Gradient Boosting,rolling_skew_12,0.34701482083054924,1.0
Mississippi / Missouri,Gradient Boosting,month_sin,0.014346479351125435,0.04134255510121558
Mississippi / Missouri,Gradient Boosting,month_cos,0.0011834365266947125,0.003410334244117476
Colorado,Logistic Regression,anomaly_lag1,0.020297779584604665,0.04276082779188778
Colorado,Logistic Regression,anomaly_lag2,0.05422995796029469,0.11424490466239537
Colorado,Logistic Regression,anomaly_lag3,0.47468163346583736,1.0
Colorado,Logistic Regression,raw_lag1,-0.3129466118432151,0.6592768495344317
Colorado,Logistic Regression,bar_state_lag1,-0.2873404711291307,0.605333029279319
Colorado,Logistic Regression,rolling_autocorr_3,-0.46552457366763145,0.9807090497027521
Colorado,Logistic Regression,rolling_variance_3,0.023504520531889336,0.04951638924867091
Colorado,Logistic Regression,rolling_skew_3,0.3059062318886127,0.6444450560580383
Colorado,Logistic Regression,rolling_autocorr_6,-0.2523851233462315,0.5316934668473865
Colorado,Logistic Regression,rolling_variance_6,-0.4379605561089935,0.9226406189581661
Colorado,Logistic Regression,rolling_skew_6,-0.23814465793988276,0.5016934322929137
Colorado,Logistic Regression,rolling_autocorr_12,0.04902089870241591,0.10327110898413121
Colorado,Logistic Regression,rolling_variance_12,-0.36155886613866745,0.7616870775024176
Colorado,Logistic Regression,rolling_skew_12,0.23612019024177333,0.497428536507231
Colorado,Logistic Regression,month_sin,0.2085471756189773,0.4393411518711864
Colorado,Logistic Regression,month_cos,-0.21334182090409767,0.4494419119324359
Colorado,Random Forest,anomaly_lag1,0.11633418349827643,0.8686029634361835
Colorado,Random Forest,anomaly_lag2,0.0464882222482106,0.34710182678398993
Colorado,Random Forest,anomaly_lag3,0.06924675430244351,0.5170271900032792
Colorado,Random Forest,raw_lag1,0.13393251968432127,1.0
Colorado,Random Forest,bar_state_lag1,0.07434268846982536,0.5550757101042447
Colorado,Random Forest,rolling_autocorr_3,0.02557647633548368,0.19096539358601924
Colorado,Random Forest,rolling_variance_3,0.06345944496765059,0.47381655416641455
Colorado,Random Forest,rolling_skew_3,0.0679438667433009,0.507299249677707
Colorado,Random Forest,rolling_autocorr_6,0.05518530443958299,0.4120381261373613
Colorado,Random Forest,rolling_variance_6,0.10589872604701048,0.7906871781148717
Colorado,Random Forest,rolling_skew_6,0.039606183013126885,0.2957174486560739
Colorado,Random Forest,rolling_autocorr_12,0.046336046610777414,0.3459656155203486
Colorado,Random Forest,rolling_variance_12,0.06787589916074856,0.5067917733552086
Colorado,Random Forest,rolling_skew_12,0.04508807446821916,0.3366476982176672
Colorado,Random Forest,month_sin,0.0249790345203589,0.18650462620455766
Colorado,Random Forest,month_cos,0.017706575490663363,0.1322051995467399
Colorado,Gradient Boosting,anomaly_lag1,0.19186127005325088,0.7765098431190873
Colorado,Gradient Boosting,anomaly_lag2,0.05246482147009682,0.21233806217225923
Colorado,Gradient Boosting,anomaly_lag3,0.09201737626509995,0.3724169989493516
Colorado,Gradient Boosting,raw_lag1,0.2470815685768797,1.0
Colorado,Gradient Boosting,bar_state_lag1,0.04018302010582179,0.162630585264877
Colorado,Gradient Boosting,rolling_autocorr_3,0.007377997683041398,0.029860574892480195
Colorado,Gradient Boosting,rolling_variance_3,0.01475848852688183,0.05973124022114061
Colorado,Gradient Boosting,rolling_skew_3,0.03344507659487579,0.13536046734489351
Colorado,Gradient Boosting,rolling_autocorr_6,0.05611380452478959,0.22710639586752387
Colorado,Gradient Boosting,rolling_variance_6,0.10988978474120253,0.444751040614388
Colorado,Gradient Boosting,rolling_skew_6,0.04112482416159179,0.16644229838129654
Colorado,Gradient Boosting,rolling_autocorr_12,0.026632701730880864,0.1077891073959006
Colorado,Gradient Boosting,rolling_variance_12,0.05466175365173511,0.2212295881338759
Colorado,Gradient Boosting,rolling_skew_12,0.020532406289754727,0.08309970835953329
Colorado,Gradient Boosting,month_sin,0.01185510562409719,0.047980534089933385
Colorado,Gradient Boosting,month_cos,0.0,0.0
California,Logistic Regression,anomaly_lag1,0.8345655621684726,1.0
California,Logistic Regression,anomaly_lag2,0.4028505842504437,0.48270693461602576
California,Logistic Regression,anomaly_lag3,-0.6211137222188897,0.744235983815381
California,Logistic Regression,raw_lag1,0.019363945541506188,0.02320242581205048
California,Logistic Regression,bar_state_lag1,-0.11124320639929049,0.13329474812050054
California,Logistic Regression,rolling_autocorr_3,-0.17712736606317178,0.21223900684679262
California,Logistic Regression,rolling_variance_3,-0.4299242734225266,0.5151473927410132
California,Logistic Regression,rolling_skew_3,0.018711384127236698,0.0224205083164688
California,Logistic Regression,rolling_autocorr_6,0.29348641201043574,0.35166369823344096
California,Logistic Regression,rolling_variance_6,0.17957543312484625,0.21517234986098746
California,Logistic Regression,rolling_skew_6,0.4435932923544183,0.5315259968333929
California,Logistic Regression,rolling_autocorr_12,0.17868605386418682,0.21410667054114044
California,Logistic Regression,rolling_variance_12,-0.5890031690582741,0.7057602131674982
California,Logistic Regression,rolling_skew_12,0.6286710642997517,0.7532914042921445
California,Logistic Regression,month_sin,0.17213265863201774,0.20625420750020065
California,Logistic Regression,month_cos,0.3076604120467238,0.36864738493081606
California,Random Forest,anomaly_lag1,0.12773508421080768,1.0
California,Random Forest,anomaly_lag2,0.06697176156670873,0.5243020113110181
California,Random Forest,anomaly_lag3,0.04751591907674664,0.37198800447282526
California,Random Forest,raw_lag1,0.06443760682840803,0.5044628672422009
California,Random Forest,bar_state_lag1,0.0836536292110608,0.6548993937562446
California,Random Forest,rolling_autocorr_3,0.007733355033835409,0.060542137515427336
California,Random Forest,rolling_variance_3,0.0748921504610352,0.586308381317046
California,Random Forest,rolling_skew_3,0.04369545914610827,0.3420787594580941
California,Random Forest,rolling_autocorr_6,0.04662196949616864,0.3649895389682136
California,Random Forest,rolling_variance_6,0.08238006296035666,0.6449290221972271
California,Random Forest,rolling_skew_6,0.09704050311450772,0.7597012497706337
California,Random Forest,rolling_autocorr_12,0.040157021031215684,0.31437737939674054
California,Random Forest,rolling_variance_12,0.08280167088266673,0.6482296652814268
California,Random Forest,rolling_skew_12,0.10166848614098069,0.7959323530345981
California,Random Forest,month_sin,0.01773924432044228,0.1388752700954603
California,Random Forest,month_cos,0.014956076518950827,0.11708667678386665
California,Gradient Boosting,anomaly_lag1,0.14134751728271314,0.77067844702688
California,Gradient Boosting,anomaly_lag2,0.04869171534347264,0.26548507031026436
California,Gradient Boosting,anomaly_lag3,0.04827377526212694,0.26320630787400906
California,Gradient Boosting,raw_lag1,0.068855194193594,0.3754237439113702
California,Gradient Boosting,bar_state_lag1,0.04439178161171747,0.24204025631979703
California,Gradient Boosting,rolling_autocorr_3,0.002946461158947475,0.016065185677515807
California,Gradient Boosting,rolling_variance_3,0.07201951504159089,0.39267678042669407
California,Gradient Boosting,rolling_skew_3,0.05344050056432608,0.29137718705647847
California,Gradient Boosting,rolling_autocorr_6,0.040492486826473766,0.2207798726401811
California,Gradient Boosting,rolling_variance_6,0.07562458276319585,0.4123329303649784
California,Gradient Boosting,rolling_skew_6,0.07177442818026357,0.3913404770709256
California,Gradient Boosting,rolling_autocorr_12,0.04995093262435991,0.27235078424114706
California,Gradient Boosting,rolling_variance_12,0.08297533961790499,0.45241194969383275
California,Gradient Boosting,rolling_skew_12,0.1834066046974623,1.0
California,Gradient Boosting,month_sin,0.015320815904191806,0.08353470110558014
California,Gradient Boosting,month_cos,0.0004883489276593605,0.0026626572607072393
Yangtze Basin,Logistic Regression,anomaly_lag1,0.6114804983367157,0.5903829565824149
Yangtze Basin,Logistic Regression,anomaly_lag2,-0.25869115473859366,0.2497656903069211
Yangtze Basin,Logistic Regression,anomaly_lag3,0.5349582999381381,0.5165009573074991
Yangtze Basin,Logistic Regression,raw_lag1,0.5888751141061448,0.5685575122501297
Yangtze Basin,Logistic Regression,bar_state_lag1,-0.9802274635366472,0.9464072682942325
Yangtze Basin,Logistic Regression,rolling_autocorr_3,0.09386873641335043,0.09063004018135123
Yangtze Basin,Logistic Regression,rolling_variance_3,-0.35237018865635267,0.34021257318313675
Yangtze Basin,Logistic Regression,rolling_skew_3,0.5266922044994792,0.5085200619596633
Yangtze Basin,Logistic Regression,rolling_autocorr_6,-0.5809553031578376,0.5609109537483399
Yangtze Basin,Logistic Regression,rolling_variance_6,-0.15504313710543266,0.14969377753027507
Yangtze Basin,Logistic Regression,rolling_skew_6,0.2680859767182788,0.2588363684266961
Yangtze Basin,Logistic Regression,rolling_autocorr_12,0.45145886940087615,0.4358824571139064
Yangtze Basin,Logistic Regression,rolling_variance_12,-0.24980137997543755,0.24118263406506235
Yangtze Basin,Logistic Regression,rolling_skew_12,-1.0357353502825173,1.0
Yangtze Basin,Logistic Regression,month_sin,-0.3916748405653144,0.3781611204623626
Yangtze Basin,Logistic Regression,month_cos,-0.12238306597926371,0.1181605570823486
Yangtze Basin,Random Forest,anomaly_lag1,0.09506799169319552,0.5984711291719963
Yangtze Basin,Random Forest,anomaly_lag2,0.03392667214461241,0.21357486811081514
Yangtze Basin,Random Forest,anomaly_lag3,0.06316415989843918,0.3976304266489001
Yangtze Basin,Random Forest,raw_lag1,0.10424132816135886,0.6562190308221508
Yangtze Basin,Random Forest,bar_state_lag1,0.027899494020007434,0.17563263294091752
Yangtze Basin,Random Forest,rolling_autocorr_3,0.007892595748712806,0.04968539469176915
Yangtze Basin,Random Forest,rolling_variance_3,0.05359779729008751,0.3374083505292594
Yangtze Basin,Random Forest,rolling_skew_3,0.08632911260920063,0.5434582195696332
Yangtze Basin,Random Forest,rolling_autocorr_6,0.05432723730269611,0.34200031445143775
Yangtze Basin,Random Forest,rolling_variance_6,0.06655179341452834,0.4189562253692268
Yangtze Basin,Random Forest,rolling_skew_6,0.06138402968215195,0.3864241676163885
Yangtze Basin,Random Forest,rolling_autocorr_12,0.04092940179145521,0.2576583860687546
Yangtze Basin,Random Forest,rolling_variance_12,0.09885980045396187,0.6223412880997621
Yangtze Basin,Random Forest,rolling_skew_12,0.15885142500478694,1.0
Yangtze Basin,Random Forest,month_sin,0.028413564280478053,0.17886880322050505
Yangtze Basin,Random Forest,month_cos,0.01856359650432717,0.11686137850993632
Yangtze Basin,Gradient Boosting,anomaly_lag1,0.16143301306990931,0.737854641067263
Yangtze Basin,Gradient Boosting,anomaly_lag2,0.003805533046185821,0.0173937794164014
Yangtze Basin,Gradient Boosting,anomaly_lag3,0.09511240536511748,0.4347260104185219
Yangtze Basin,Gradient Boosting,raw_lag1,0.10087920365598964,0.4610840570293233
Yangtze Basin,Gradient Boosting,bar_state_lag1,0.0003199359456256222,0.001462316894388134
Yangtze Basin,Gradient Boosting,rolling_autocorr_3,0.0,0.0
Yangtze Basin,Gradient Boosting,rolling_variance_3,0.022362225826447323,0.10221002381646024
Yangtze Basin,Gradient Boosting,rolling_skew_3,0.08924117017688259,0.407890618759441
Yangtze Basin,Gradient Boosting,rolling_autocorr_6,0.09876116950741907,0.4514032532287713
Yangtze Basin,Gradient Boosting,rolling_variance_6,0.05068732620119988,0.2316742912098743
Yangtze Basin,Gradient Boosting,rolling_skew_6,0.05094269828645732,0.23284150895996747
Yangtze Basin,Gradient Boosting,rolling_autocorr_12,0.04367972546621946,0.19964496445245003
Yangtze Basin,Gradient Boosting,rolling_variance_12,0.057356971823207446,0.2621589416719274
Yangtze Basin,Gradient Boosting,rolling_skew_12,0.21878701316617868,1.0
Yangtze Basin,Gradient Boosting,month_sin,0.0015187973609094136,0.006941899059409975
Yangtze Basin,Gradient Boosting,month_cos,0.005112811102250928,0.023368896664664077
Mekong Basin,Logistic Regression,anomaly_lag1,-0.7784687641839935,0.9608830789870914
Mekong Basin,Logistic Regression,anomaly_lag2,-0.6273567672175817,0.7743618367774874
Mekong Basin,Logistic Regression,anomaly_lag3,0.48260518734723923,0.5956914133085935
Mekong Basin,Logistic Regression,raw_lag1,-0.42619356017610416,0.5260611590186981
Mekong Basin,Logistic Regression,bar_state_lag1,0.6716183677080547,0.8289950152901324
Mekong Basin,Logistic Regression,rolling_autocorr_3,-0.08300037803381143,0.10244940127536221
Mekong Basin,Logistic Regression,rolling_variance_3,-0.38900760146500074,0.48016161860635254
Mekong Basin,Logistic Regression,rolling_skew_3,0.16974442786245267,0.20951970841931622
Mekong Basin,Logistic Regression,rolling_autocorr_6,0.34694064152876924,0.42823733872914604
Mekong Basin,Logistic Regression,rolling_variance_6,0.035829420510814634,0.04422513205760132
Mekong Basin,Logistic Regression,rolling_skew_6,0.024434596927350144,0.030160221976242896
Mekong Basin,Logistic Regression,rolling_autocorr_12,-0.8101597178759888,1.0
Mekong Basin,Logistic Regression,rolling_variance_12,0.2947123424742032,0.363770668883484
Mekong Basin,Logistic Regression,rolling_skew_12,-0.1750203828842779,0.21603194903732337
Mekong Basin,Logistic Regression,month_sin,0.3368860009368266,0.4158266493674198
Mekong Basin,Logistic Regression,month_cos,-0.6994018437892349,0.8632888409002487
Mekong Basin,Random Forest,anomaly_lag1,0.07705352963521597,0.5751243355061065
Mekong Basin,Random Forest,anomaly_lag2,0.08285276284047488,0.6184095705811153
Mekong Basin,Random Forest,anomaly_lag3,0.04671521232665762,0.34868039886801655
Mekong Basin,Random Forest,raw_lag1,0.09231674095299244,0.6890483089876995
Mekong Basin,Random Forest,bar_state_lag1,0.03923532331515203,0.29285081886347536
Mekong Basin,Random Forest,rolling_autocorr_3,0.010931782654650474,0.08159437036716369
Mekong Basin,Random Forest,rolling_variance_3,0.10964517813286963,0.8183870422763221
Mekong Basin,Random Forest,rolling_skew_3,0.05821348527638436,0.43450302920028244
Mekong Basin,Random Forest,rolling_autocorr_6,0.06255982852429684,0.46694395415428586
Mekong Basin,Random Forest,rolling_variance_6,0.0773137648609518,0.5770667203908114
Mekong Basin,Random Forest,rolling_skew_6,0.037050804979279005,0.27654566500137795
Mekong Basin,Random Forest,rolling_autocorr_12,0.13397716785433753,1.0
Mekong Basin,Random Forest,rolling_variance_12,0.05587674455523691,0.4170616937953723
Mekong Basin,Random Forest,rolling_skew_12,0.052496895671337654,0.3918346425147101
Mekong Basin,Random Forest,month_sin,0.03761037788885633,0.280722293889262
Mekong Basin,Random Forest,month_cos,0.02615040053130664,0.19518550026178969
Mekong Basin,Gradient Boosting,anomaly_lag1,0.06859653383534388,0.3120429263003246
Mekong Basin,Gradient Boosting,anomaly_lag2,0.06593868354624118,0.2999524701867469
Mekong Basin,Gradient Boosting,anomaly_lag3,0.02643278254043549,0.12024168500956837
Mekong Basin,Gradient Boosting,raw_lag1,0.08692984435222477,0.3954404325969538
Mekong Basin,Gradient Boosting,bar_state_lag1,0.0,0.0
Mekong Basin,Gradient Boosting,rolling_autocorr_3,0.000951701518389452,0.004329252662759094
Mekong Basin,Gradient Boosting,rolling_variance_3,0.14371978376079209,0.6537756266171639
Mekong Basin,Gradient Boosting,rolling_skew_3,0.12213161863278042,0.5555719150977273
Mekong Basin,Gradient Boosting,rolling_autocorr_6,0.06193978563231932,0.2817616413318711
Mekong Basin,Gradient Boosting,rolling_variance_6,0.09903049911026274,0.4504858337233675
Mekong Basin,Gradient Boosting,rolling_skew_6,0.025246405185300427,0.11484490122335846
Mekong Basin,Gradient Boosting,rolling_autocorr_12,0.21983044015336337,1.0
Mekong Basin,Gradient Boosting,rolling_variance_12,0.03213981721283602,0.14620276059318207
Mekong Basin,Gradient Boosting,rolling_skew_12,0.03956890489982372,0.1799973874055782
Mekong Basin,Gradient Boosting,month_sin,0.00033882602687729295,0.0015413062296600645
Mekong Basin,Gradient Boosting,month_cos,0.007204373593009838,0.03277241126380746
Nile,Logistic Regression,anomaly_lag1,0.8442971712276495,0.8524245602208136
Nile,Logistic Regression,anomaly_lag2,0.6475112347672344,0.6537443193513569
Nile,Logistic Regression,anomaly_lag3,0.46396136894072315,0.4684275624229295
Nile,Logistic Regression,raw_lag1,0.06441551432788757,0.06503559213932479
Nile,Logistic Regression,bar_state_lag1,-0.5466565155227696,0.5519187505493788
Nile,Logistic Regression,rolling_autocorr_3,-0.03894479710115863,0.03931968822490921
Nile,Logistic Regression,rolling_variance_3,-0.9904655621477415,1.0
Nile,Logistic Regression,rolling_skew_3,-0.029556220743783713,0.029840735380737043
Nile,Logistic Regression,rolling_autocorr_6,0.5193044093450363,0.5243033470229578
Nile,Logistic Regression,rolling_variance_6,-0.2213437579575473,0.22347446132057527
Nile,Logistic Regression,rolling_skew_6,-0.5599892723034041,0.5653798513591066
Nile,Logistic Regression,rolling_autocorr_12,0.2013141280579111,0.20325202182837968
Nile,Logistic Regression,rolling_variance_12,0.38523086973585136,0.38893918623532003
Nile,Logistic Regression,rolling_skew_12,0.1254972723937363,0.12670533655062774
Nile,Logistic Regression,month_sin,-0.07969122997392465,0.0804583551609012
Nile,Logistic Regression,month_cos,0.3000923157104545,0.30298106989174817
Nile,Random Forest,anomaly_lag1,0.09738700392398753,0.8168022726487828
Nile,Random Forest,anomaly_lag2,0.09667487402339565,0.8108295114199991
Nile,Random Forest,anomaly_lag3,0.070616716011985,0.5922750654759165
Nile,Random Forest,raw_lag1,0.07267513908517564,0.6095394290615045
Nile,Random Forest,bar_state_lag1,0.04186807154290402,0.35115502695162487
Nile,Random Forest,rolling_autocorr_3,0.0012866386776277793,0.010791269405766562
Nile,Random Forest,rolling_variance_3,0.05196137635014417,0.435809385058025
Nile,Random Forest,rolling_skew_3,0.07740466505253657,0.6492068118029126
Nile,Random Forest,rolling_autocorr_6,0.055301871486727924,0.46382671703656586
Nile,Random Forest,rolling_variance_6,0.07229055316712812,0.606313837974062
Nile,Random Forest,rolling_skew_6,0.052735559756128425,0.4423026001686211
Nile,Random Forest,rolling_autocorr_12,0.03163603676815196,0.2653371157202444
Nile,Random Forest,rolling_variance_12,0.11922959470738766,1.0
Nile,Random Forest,rolling_skew_12,0.10386438124131935,0.8711291982181312
Nile,Random Forest,month_sin,0.03708307697550665,0.3110224191109233
Nile,Random Forest,month_cos,0.017984441229893598,0.15083873491334826
Nile,Gradient Boosting,anomaly_lag1,0.1458136203820939,0.6593943001302877
Nile,Gradient Boosting,anomaly_lag2,0.10671124647090126,0.48256663196706046
Nile,Gradient Boosting,anomaly_lag3,0.10868847771737195,0.49150801213817086
Nile,Gradient Boosting,raw_lag1,0.07329304318739932,0.3314437621830628
Nile,Gradient Boosting,bar_state_lag1,0.0,0.0
Nile,Gradient Boosting,rolling_autocorr_3,0.0,0.0
Nile,Gradient Boosting,rolling_variance_3,0.031291183833843,0.14150412156489373
Nile,Gradient Boosting,rolling_skew_3,0.053763667967288334,0.2431285645252434
Nile,Gradient Boosting,rolling_autocorr_6,0.04413968280303901,0.1996072463848994
Nile,Gradient Boosting,rolling_variance_6,0.030721682339849586,0.13892873774223777
Nile,Gradient Boosting,rolling_skew_6,0.019253597949993286,0.08706808535414992
Nile,Gradient Boosting,rolling_autocorr_12,0.006122153342088708,0.027685431633330624
Nile,Gradient Boosting,rolling_variance_12,0.2211326672876654,1.0
Nile,Gradient Boosting,rolling_skew_12,0.15791019323472316,0.7140970855712699
Nile,Gradient Boosting,month_sin,0.00034104582930813236,0.0015422679674210018
Nile,Gradient Boosting,month_cos,0.0008177376544350924,0.003697950485856167
Ganges / Bhramaputra Basin,Logistic Regression,anomaly_lag1,-0.5360383826165722,0.9137051885830884
Ganges / Bhramaputra Basin,Logistic Regression,anomaly_lag2,0.12922361935506552,0.22026835264269942
Ganges / Bhramaputra Basin,Logistic Regression,anomaly_lag3,0.47688194183999505,0.812869971127532
Ganges / Bhramaputra Basin,Logistic Regression,raw_lag1,0.42291719736799077,0.7208842689396708
Ganges / Bhramaputra Basin,Logistic Regression,bar_state_lag1,0.17675825925197683,0.30129360851939263
Ganges / Bhramaputra Basin,Logistic Regression,rolling_autocorr_3,-0.2844660244891288,0.48488707335205883
Ganges / Bhramaputra Basin,Logistic Regression,rolling_variance_3,0.23716895321667522,0.40426676550119917
Ganges / Bhramaputra Basin,Logistic Regression,rolling_skew_3,-0.3699219356894076,0.6305511003899176
Ganges / Bhramaputra Basin,Logistic Regression,rolling_autocorr_6,0.5866644835932517,1.0
Ganges / Bhramaputra Basin,Logistic Regression,rolling_variance_6,-0.24598316119618613,0.4192910395556381
Ganges / Bhramaputra Basin,Logistic Regression,rolling_skew_6,-0.20619126756225478,0.3514636957385885
Ganges / Bhramaputra Basin,Logistic Regression,rolling_autocorr_12,0.0009491569195962955,0.0016178871333454852
Ganges / Bhramaputra Basin,Logistic Regression,rolling_variance_12,0.292012056624636,0.49774967599213793
Ganges / Bhramaputra Basin,Logistic Regression,rolling_skew_12,0.5104381338143117,0.8700682384724187
Ganges / Bhramaputra Basin,Logistic Regression,month_sin,0.44021935205921603,0.7503766878180927
Ganges / Bhramaputra Basin,Logistic Regression,month_cos,-0.16995146977850148,0.2896910832876204
Ganges / Bhramaputra Basin,Random Forest,anomaly_lag1,0.1029728962792159,0.940055495131209
Ganges / Bhramaputra Basin,Random Forest,anomaly_lag2,0.06098834747165591,0.5567720560587331
Ganges / Bhramaputra Basin,Random Forest,anomaly_lag3,0.06033832477544088,0.5508378983374622
Ganges / Bhramaputra Basin,Random Forest,raw_lag1,0.09503325939612718,0.8675733221421557
Ganges / Bhramaputra Basin,Random Forest,bar_state_lag1,0.04876882829743933,0.4452181757402089
Ganges / Bhramaputra Basin,Random Forest,rolling_autocorr_3,0.009875674023489192,0.09015655545642232
Ganges / Bhramaputra Basin,Random Forest,rolling_variance_3,0.07755488404238449,0.7080105304663807
Ganges / Bhramaputra Basin,Random Forest,rolling_skew_3,0.050884203543434155,0.4645297635086044
Ganges / Bhramaputra Basin,Random Forest,rolling_autocorr_6,0.10953916743483678,1.0
Ganges / Bhramaputra Basin,Random Forest,rolling_variance_6,0.042927977889758204,0.39189614906736825
Ganges / Bhramaputra Basin,Random Forest,rolling_skew_6,0.03193955474444025,0.2915811347885277
Ganges / Bhramaputra Basin,Random Forest,rolling_autocorr_12,0.05979620533746608,0.5458888061481566
Ganges / Bhramaputra Basin,Random Forest,rolling_variance_12,0.09730856766091932,0.8883449631731657
Ganges / Bhramaputra Basin,Random Forest,rolling_skew_12,0.050073990397053285,0.4571332023939433
Ganges / Bhramaputra Basin,Random Forest,month_sin,0.06201312501119292,0.5661274087013999
Ganges / Bhramaputra Basin,Random Forest,month_cos,0.03998499369514616,0.36502919121539457
Ganges / Bhramaputra Basin,Gradient Boosting,anomaly_lag1,0.11746613504465674,0.9414877959445201
Ganges / Bhramaputra Basin,Gradient Boosting,anomaly_lag2,0.10185434027466285,0.8163596963168963
Ganges / Bhramaputra Basin,Gradient Boosting,anomaly_lag3,0.12476649782466087,1.0
Ganges / Bhramaputra Basin,Gradient Boosting,raw_lag1,0.09877668652068386,0.7916923873225848
Ganges / Bhramaputra Basin,Gradient Boosting,bar_state_lag1,0.0,0.0
Ganges / Bhramaputra Basin,Gradient Boosting,rolling_autocorr_3,0.0,0.0
Ganges / Bhramaputra Basin,Gradient Boosting,rolling_variance_3,0.1088219985158914,0.8722052827740915
Ganges / Bhramaputra Basin,Gradient Boosting,rolling_skew_3,0.054176429442910276,0.43422257086230376
Ganges / Bhramaputra Basin,Gradient Boosting,rolling_autocorr_6,0.10243770553496968,0.8210353526066694
Ganges / Bhramaputra Basin,Gradient Boosting,rolling_variance_6,0.027936811186958645,0.22391276243258276
Ganges / Bhramaputra Basin,Gradient Boosting,rolling_skew_6,0.021455080028215487,0.171961867987728
Ganges / Bhramaputra Basin,Gradient Boosting,rolling_autocorr_12,0.03550729885767639,0.2845900099526409
Ganges / Bhramaputra Basin,Gradient Boosting,rolling_variance_12,0.10433526534666183,0.836244241569465
Ganges / Bhramaputra Basin,Gradient Boosting,rolling_skew_12,0.029197006738699283,0.23401319462962689
Ganges / Bhramaputra Basin,Gradient Boosting,month_sin,0.05264687811303539,0.42196325961655234
Ganges / Bhramaputra Basin,Gradient Boosting,month_cos,0.02062186657031744,0.1652836853631825
Congo,Logistic Regression,anomaly_lag1,-0.13327823500904085,0.1430851289880585
Congo,Logistic Regression,anomaly_lag2,-0.3640712752377579,0.39086040848836145
Congo,Logistic Regression,anomaly_lag3,0.36982397658343735,0.39703640574718235
Congo,Logistic Regression,raw_lag1,-0.17824150447461828,0.19135689077099752
Congo,Logistic Regression,bar_state_lag1,0.11757784592041685,0.126229472115381
Congo,Logistic Regression,rolling_autocorr_3,0.7201527356926946,0.7731430947498857
Congo,Logistic Regression,rolling_variance_3,-0.9314611235397068,1.0
Congo,Logistic Regression,rolling_skew_3,-0.439151586925146,0.4714652880587191
Congo,Logistic Regression,rolling_autocorr_6,-0.25549102306155047,0.2742905920653373
Congo,Logistic Regression,rolling_variance_6,-0.3010724081507623,0.32322595172478824
Congo,Logistic Regression,rolling_skew_6,-0.29953002723963174,0.32157007916913155
Congo,Logistic Regression,rolling_autocorr_12,0.06467759771515671,0.06943671193637273
Congo,Logistic Regression,rolling_variance_12,0.053336306644980916,0.05726090471955942
Congo,Logistic Regression,rolling_skew_12,-0.06281567197411014,0.06743778176742382
Congo,Logistic Regression,month_sin,0.06434411957257903,0.06907869576784988
Congo,Logistic Regression,month_cos,0.04947071022541503,0.053110869552363195
Congo,Random Forest,anomaly_lag1,0.06944189896040825,0.659327010223979
Congo,Random Forest,anomaly_lag2,0.10500506382002373,0.9969870614613636
Congo,Random Forest,anomaly_lag3,0.08314763445011956,0.7894582672695872
Congo,Random Forest,raw_lag1,0.06230037685181803,0.5915207075335844
Congo,Random Forest,bar_state_lag1,0.06803271664471447,0.645947307523213
Congo,Random Forest,rolling_autocorr_3,0.004003607094220755,0.038012876016669396
Congo,Random Forest,rolling_variance_3,0.08690615966425252,0.8251441749043797
Congo,Random Forest,rolling_skew_3,0.06325731881492011,0.6006065432168753
Congo,Random Forest,rolling_autocorr_6,0.048199150372114696,0.4576343992018552
Congo,Random Forest,rolling_variance_6,0.10532239371904126,1.0
Congo,Random Forest,rolling_skew_6,0.07064837934593898,0.6707821276299615
Congo,Random Forest,rolling_autocorr_12,0.07415879032292672,0.7041122756927953
Congo,Random Forest,rolling_variance_12,0.07085763341899645,0.6727689232739693
Congo,Random Forest,rolling_skew_12,0.06185938553036791,0.587333646208084
Congo,Random Forest,month_sin,0.015094348041502973,0.14331565689409567
Congo,Random Forest,month_cos,0.01176514294863377,0.11170599654256383
Congo,Gradient Boosting,anomaly_lag1,0.05683915063357544,0.4608333202266217
Congo,Gradient Boosting,anomaly_lag2,0.09968543980777672,0.8082170773630905
Congo,Gradient Boosting,anomaly_lag3,0.12333993255006806,1.0
Congo,Gradient Boosting,raw_lag1,0.055375770091478156,0.4489687074297626
Congo,Gradient Boosting,bar_state_lag1,0.04131245942621608,0.3349479651243192
Congo,Gradient Boosting,rolling_autocorr_3,0.0,0.0
Congo,Gradient Boosting,rolling_variance_3,0.11411592536826719,0.9252147541263125
Congo,Gradient Boosting,rolling_skew_3,0.05442343966241849,0.4412475224950045
Congo,Gradient Boosting,rolling_autocorr_6,0.03258006568084512,0.2641485608695279
Congo,Gradient Boosting,rolling_variance_6,0.0994547141626418,0.8063464289821108
Congo,Gradient Boosting,rolling_skew_6,0.05044873210854065,0.409021888252304
Congo,Gradient Boosting,rolling_autocorr_12,0.10301868039209552,0.835241906349159
Congo,Gradient Boosting,rolling_variance_12,0.07669702409247697,0.6218344903127211
Congo,Gradient Boosting,rolling_skew_12,0.08152871535667343,0.6610082693500584
Congo,Gradient Boosting,month_sin,0.0017809501442034527,0.014439363694969606
Congo,Gradient Boosting,month_cos,0.009399000522722915,0.07620403488470798
Amazon Basin,Logistic Regression,anomaly_lag1,0.08891699126818839,0.06785357362886121
Amazon Basin,Logistic Regression,anomaly_lag2,0.21585252441475228,0.16471953166044598
Amazon Basin,Logistic Regression,anomaly_lag3,-0.13620584782211975,0.1039402412526994
Amazon Basin,Logistic Regression,raw_lag1,0.35750481204569845,0.27281601346191414
Amazon Basin,Logistic Regression,bar_state_lag1,-0.22432696906142366,0.17118647735434903
Amazon Basin,Logistic Regression,rolling_autocorr_3,0.5420316804091228,0.41363057848960344
Amazon Basin,Logistic Regression,rolling_variance_3,0.6691886725292976,0.5106655343983921
Amazon Basin,Logistic Regression,rolling_skew_3,-0.4412705965751435,0.3367386422765208
Amazon Basin,Logistic Regression,rolling_autocorr_6,0.10313795759103084,0.07870575577872857
Amazon Basin,Logistic Regression,rolling_variance_6,-0.05681495235186988,0.043356140346677174
Amazon Basin,Logistic Regression,rolling_skew_6,-0.7293746556061338,0.5565941468703546
Amazon Basin,Logistic Regression,rolling_autocorr_12,-0.14644794828939273,0.11175610533287478
Amazon Basin,Logistic Regression,rolling_variance_12,0.5248202821543126,0.40049636350907214
Amazon Basin,Logistic Regression,rolling_skew_12,0.1802657845522373,0.13756288320628052
Amazon Basin,Logistic Regression,month_sin,0.9123352103294453,0.6962134400339215
Amazon Basin,Logistic Regression,month_cos,-1.3104245880185734,1.0
Amazon Basin,Random Forest,anomaly_lag1,0.0667372882409419,0.679339766629294
Amazon Basin,Random Forest,anomaly_lag2,0.062124296549234355,0.6323826788915731
Amazon Basin,Random Forest,anomaly_lag3,0.054151534936868195,0.5512254404736494
Amazon Basin,Random Forest,raw_lag1,0.09823845374469221,1.0
Amazon Basin,Random Forest,bar_state_lag1,0.025852323481350366,0.26315890057203956
Amazon Basin,Random Forest,rolling_autocorr_3,0.004045448487438731,0.04117988764310437
Amazon Basin,Random Forest,rolling_variance_3,0.05557061216851377,0.5656706722291649
Amazon Basin,Random Forest,rolling_skew_3,0.0785524041045536,0.7996095328281544
Amazon Basin,Random Forest,rolling_autocorr_6,0.04655215818709555,0.4738690035581993
Amazon Basin,Random Forest,rolling_variance_6,0.0940356883761153,0.9572187345344492
Amazon Basin,Random Forest,rolling_skew_6,0.08349726054234562,0.849944775793633
Amazon Basin,Random Forest,rolling_autocorr_12,0.05011176371255783,0.510103343470686
Amazon Basin,Random Forest,rolling_variance_12,0.0802836530024535,0.8172324577817492
Amazon Basin,Random Forest,rolling_skew_12,0.08005696354686598,0.8149249147886901
Amazon Basin,Random Forest,month_sin,0.061484273175476264,0.6258676804427842
Amazon Basin,Random Forest,month_cos,0.058705877743496726,0.5975855228347238
Amazon Basin,Gradient Boosting,anomaly_lag1,0.03966444297347913,0.2577455241392526
Amazon Basin,Gradient Boosting,anomaly_lag2,0.08639226842115154,0.5613899713826122
Amazon Basin,Gradient Boosting,anomaly_lag3,0.05059529709823155,0.3287758604925908
Amazon Basin,Gradient Boosting,raw_lag1,0.0934749143221696,0.6074140711354117
Amazon Basin,Gradient Boosting,bar_state_lag1,0.0,0.0
Amazon Basin,Gradient Boosting,rolling_autocorr_3,0.0,0.0
Amazon Basin,Gradient Boosting,rolling_variance_3,0.01608344454136118,0.10451264489077798
Amazon Basin,Gradient Boosting,rolling_skew_3,0.08639655101202655,0.5614178003031013
Amazon Basin,Gradient Boosting,rolling_autocorr_6,0.06054209489403362,0.3934116506157589
Amazon Basin,Gradient Boosting,rolling_variance_6,0.15388993894632894,1.0
Amazon Basin,Gradient Boosting,rolling_skew_6,0.13357369962421195,0.8679820171401684
Amazon Basin,Gradient Boosting,rolling_autocorr_12,0.03891632449939696,0.25288413762363976
Amazon Basin,Gradient Boosting,rolling_variance_12,0.06422615265964533,0.4173512128173955
Amazon Basin,Gradient Boosting,rolling_skew_12,0.10590521792545177,0.6881880560261159
Amazon Basin,Gradient Boosting,month_sin,0.002976374840764058,0.019340931974780408
Amazon Basin,Gradient Boosting,month_cos,0.0673632782417477,0.4377367273193961
Murray,Logistic Regression,anomaly_lag1,-0.47599910314847893,0.8526605098323293
Murray,Logistic Regression,anomaly_lag2,-0.09479400935489736,0.1698051694025669
Murray,Logistic Regression,anomaly_lag3,-0.15969426080318075,0.2860614419923875
Murray,Logistic Regression,raw_lag1,0.07901916373599822,0.14154757853954134
Murray,Logistic Regression,bar_state_lag1,0.2405937332375001,0.4309772306036451
Murray,Logistic Regression,rolling_autocorr_3,0.10115962047391837,0.1812079329503077
Murray,Logistic Regression,rolling_variance_3,0.46927025606533723,0.8406070791713356
Murray,Logistic Regression,rolling_skew_3,-0.2489483136196052,0.44594284864981787
Murray,Logistic Regression,rolling_autocorr_6,0.16243270871121246,0.29096684280925256
Murray,Logistic Regression,rolling_variance_6,-0.270106277121088,0.4838432560809653
Murray,Logistic Regression,rolling_skew_6,0.5582516108809605,1.0
Murray,Logistic Regression,rolling_autocorr_12,-0.3610700719231638,0.646787335469341
Murray,Logistic Regression,rolling_variance_12,0.2662113586429916,0.4768662614746266
Murray,Logistic Regression,rolling_skew_12,-0.5089016023963608,0.9115989859720747
Murray,Logistic Regression,month_sin,-0.49911213396066567,0.8940630429584098
Murray,Logistic Regression,month_cos,0.2146043795689958,0.3844223203052382
Murray,Random Forest,anomaly_lag1,0.11655075647749115,0.7053881078598768
Murray,Random Forest,anomaly_lag2,0.028279966460178465,0.17115592068712646
Murray,Random Forest,anomaly_lag3,0.04119759036814798,0.2493359219318877
Murray,Random Forest,raw_lag1,0.05574990875175085,0.3374094157454312
Murray,Random Forest,bar_state_lag1,0.05582220857427302,0.3378469884952689
Murray,Random Forest,rolling_autocorr_3,0.0022929612610586834,0.013877452658546641
Murray,Random Forest,rolling_variance_3,0.10192872994196707,0.6168927265968459
Murray,Random Forest,rolling_skew_3,0.03314875773314893,0.20062280333467566
Murray,Random Forest,rolling_autocorr_6,0.040572014390399494,0.2455498130416222
Murray,Random Forest,rolling_variance_6,0.072850662688316,0.4409065428929554
Murray,Random Forest,rolling_skew_6,0.04848949754739094,0.29346797875684194
Murray,Random Forest,rolling_autocorr_12,0.16522926198898097,1.0
Murray,Random Forest,rolling_variance_12,0.10803478691055465,0.6538477846482146
Murray,Random Forest,rolling_skew_12,0.08686180840144266,0.5257047532369624
Murray,Random Forest,month_sin,0.03412454911899667,0.20652848477452143
Murray,Random Forest,month_cos,0.008866539385902459,0.053662040725533
Murray,Gradient Boosting,anomaly_lag1,0.16505730340918517,0.6757676247140727
Murray,Gradient Boosting,anomaly_lag2,0.026508565498551663,0.1085297649454802
Murray,Gradient Boosting,anomaly_lag3,0.038669393337555535,0.15831789048481398
Murray,Gradient Boosting,raw_lag1,0.02632017227089925,0.10775845679168539
Murray,Gradient Boosting,bar_state_lag1,0.000549311397596803,0.002248957487583079
Murray,Gradient Boosting,rolling_autocorr_3,0.0,0.0
Murray,Gradient Boosting,rolling_variance_3,0.10378796497322153,0.4249224064323245
Murray,Gradient Boosting,rolling_skew_3,0.020449583895732423,0.08372344906999879
Murray,Gradient Boosting,rolling_autocorr_6,0.05328069033191429,0.2181385785727076
Murray,Gradient Boosting,rolling_variance_6,0.05877775820291476,0.2406443412463471
Murray,Gradient Boosting,rolling_skew_6,0.03824184485317916,0.15656744734919054
Murray,Gradient Boosting,rolling_autocorr_12,0.24425157017402746,1.0
Murray,Gradient Boosting,rolling_variance_12,0.1515480266314615,0.6204587611186476
Murray,Gradient Boosting,rolling_skew_12,0.03640648378250369,0.14905322310339433
Murray,Gradient Boosting,month_sin,0.03473765016708958,0.14222078548907283
Murray,Gradient Boosting,month_cos,0.0014136810741671403,0.005787807518125279
