,Danube,Mississippi / Missouri,Colorado,California,Yangtze Basin,Mekong Basin,Nile,Ganges / Bhramaputra Basin,Congo,Amazon Basin,Murray
3/1/2001,0.884269292,-0.696475953,0.718331697,0.630272853,-1.842141926,1.24418485,-0.228861265,-0.568191287,-1.545739591,-10.11630058,-0.140326006
2/1/2002,-2.481939067,-1.890412362,-0.606786709,-2.290487804,-1.357414402,-0.213842135,-0.164694771,0.01458946,-1.919433537,-1.535021201,0.095693707
3/1/2002,-3.98258168,-0.028774232,-0.580342052,-1.65811385,-1.390870392,-0.513911964,0.126815297,-0.417561469,-0.36868614,-10.49204445,-0.354609592
4/1/2002,-0.937496444,0.302969984,-0.535117663,-1.160321762,4.367820221,-1.25951272,-0.209126242,0.395166895,-1.169526981,-0.350970393,-0.720161653
5/1/2002,-0.320382901,0.651813403,-0.139515518,-0.201797829,6.177892208,2.003436939,-1.163979077,1.00019287,-0.541488393,-1.928451538,-0.708486114
6/1/2002,0.371103497,-1.124133872,-0.046388453,-0.045027451,-0.188208331,1.991911121,0.176358055,7.071235615,-0.83824991,3.037139789,-1.005120607
7/1/2002,0.084053735,-0.563495667,-0.045753834,-0.006715183,0.213546836,0.409819064,-1.362645325,-1.621217147,-1.134846242,-0.90950489,-0.748608
8/1/2002,1.450529349,-0.035775918,-0.114594817,-0.03008404,1.252790036,5.885168158,-0.112084399,-0.005498803,-0.580282201,-0.46697318,-0.322713814
9/1/2002,0.411271743,0.238982719,0.10748299,-0.03282617,-4.97078143,-4.200749978,-1.11575192,-2.900872396,-1.108987414,-1.641851239,-0.801329167
10/1/2002,0.904249846,1.206062107,-0.143608239,-0.4738428,3.197254482,-9.332314771,-0.197157233,-4.613763452,5.713740712,-1.478160309,-1.081001055
11/1/2002,0.422015855,-0.212016928,-0.05532638,0.10076429,-1.122580702,-2.516393389,-0.192744324,0.58191774,-3.780417587,-2.201680121,-1.222656054
1/1/2003,1.040369156,-1.774091995,-0.214692265,-1.660005287,-0.359525119,-0.286700574,-0.100047855,-0.103941927,1.815940551,-8.760412631,-1.266461679
2/1/2003,-1.308808316,0.705991952,-0.176845264,-2.44112543,0.408143274,0.021183189,-0.119790546,0.480878474,-0.748767081,-5.529219047,-0.231547356
3/1/2003,2.453590925,-1.5058541,-0.354831395,-1.463808072,-1.953763068,-0.207160713,-0.425720222,0.396980527,-1.829037607,-1.167366028,-0.992733819
4/1/2003,-0.454587123,-1.235213228,-0.31880977,2.681727777,0.238253075,-1.501221952,-0.044279345,0.052254698,-1.131033348,-3.656449442,0.283996114
5/1/2003,-0.713756629,1.888970748,-0.083969697,0.335088587,-0.740167141,0.205640689,-0.944443964,-3.846606503,-0.994232877,-0.680739403,-0.642921243
6/1/2003,-1.177508442,1.705042196,-0.016827742,-0.045773922,0.881688367,1.51529903,-0.311441948,11.19042965,-0.412904251,-0.536478146,-0.782353581
7/1/2003,-0.423566301,0.288100331,-0.102433411,-0.00509003,-4.557928002,-0.327388349,0.831339183,5.600792512,-0.23946193,-0.226447105,-0.061295512
8/1/2003,-0.899404544,-0.290667552,-0.032416992,0.009801552,-1.739250598,-3.417682565,0.215014447,-2.349683679,-1.161955823,-0.256462926,0.126747349
9/1/2003,-0.533585616,1.6196783,0.082434436,-0.035734646,-0.501877173,-4.001742943,0.587767186,9.286437822,-2.028059566,0.257486649,-0.830625058
10/1/2003,0.798464357,-1.332836599,-0.176746644,-0.472708232,-2.167259393,-4.381352228,-1.005216687,1.616364956,-4.359850759,-0.997820543,0.218285377
11/1/2003,-0.271705022,2.491547477,0.029659156,0.441464678,-1.442375476,-3.136935379,-0.077518532,-0.273914017,-4.137962248,-3.080359874,-0.88209266
12/1/2003,-0.68990986,-0.859749,-0.168003049,0.193069912,-0.635249633,-0.998792894,-0.139908057,-0.060085991,-2.039736764,-5.747854558,-0.334072073
1/1/2004,-0.205141184,-0.39050082,-0.243198149,-1.318432525,-0.849843209,-0.328181599,0.036867739,0.150290993,-0.165339299,-0.537956652,0.888931095
2/1/2004,1.971316825,1.624065606,-0.073794912,5.48344656,-0.866927989,-0.148449872,-0.162883863,-0.256310037,-1.285839977,1.181127175,-0.979215324
3/1/2004,1.020509298,0.014244586,-0.253540037,-2.824669195,-2.309585392,-0.39628327,-0.343189411,-0.068637607,-2.994931161,-0.21887207,-0.693590624
4/1/2004,0.211446861,-2.627330728,-0.328058324,-1.300982629,-2.575421375,-0.353093681,0.093198172,2.560639879,-1.109885143,-7.365457659,-0.123588195
5/1/2004,-0.362654277,-0.104727372,-0.144924241,-0.227487226,2.433874607,0.92080392,-1.422889316,3.768551101,-2.078783735,-1.612909317,-0.668162811
6/1/2004,0.376205893,0.531706406,-0.028005949,-0.044286338,-6.717473735,5.816061206,0.058125089,0.865673024,-0.185897458,-2.830452546,-0.764352949
7/1/2004,0.073715906,0.566207259,-0.091045891,-0.011673134,-2.957180894,-1.154578748,-1.015349326,17.01309644,-0.794976266,-0.824124336,-0.481025341
8/1/2004,0.029519212,-0.13459732,-0.090566836,-0.010614391,1.532466474,-1.153295434,-0.970999251,1.382238471,-1.525102605,0.684843665,-0.332054696
9/1/2004,-0.230765827,0.249976438,0.134213438,-0.025648117,0.411696569,-8.969852074,-0.804242549,4.090135408,-1.301051223,-0.521130971,-0.627352388
10/1/2004,-0.04903716,1.113911896,0.255965534,1.379662761,-1.807617364,-10.97702889,-0.442585914,3.969919682,0.482110386,-0.238938021,-0.857915674
11/1/2004,0.565627525,2.456198585,0.154748339,-0.505187913,-0.493753965,-3.200351205,0.120724907,-0.301670987,1.23151407,-1.137505469,-0.43891043
12/1/2004,0.017074899,0.600614865,0.102657921,2.889160133,-0.554308731,-1.061425623,-0.196912538,-0.08182035,1.575078233,-3.149800149,1.413668435
1/1/2005,-0.740991709,1.738311493,0.99346292,-0.555624322,-0.659119938,-0.346175202,-0.040374829,-0.053173142,0.79144185,-7.896195826,-0.805222035
2/1/2005,-0.205573548,0.559817283,1.853302945,-0.896836557,0.727383129,-0.229793188,-0.149725325,-0.213409005,-1.636962118,-3.772451774,-1.097808927
3/1/2005,7.433269079,-1.741834134,1.1366452,0.348256814,-0.902775824,0.015131592,-0.065465055,0.724761608,-1.653663099,2.212388992,-1.352126194
4/1/2005,2.311121562,-1.20184011,1.179111876,-0.119382729,-3.214929145,-0.752188263,-0.686096557,-0.382384995,-3.516901421,-1.97748292,-0.793454711
5/1/2005,0.771663837,-2.660579904,0.300215968,1.570098377,3.442117214,-2.567657098,0.154839135,-1.321706067,0.052595869,-2.157050133,-0.496809978
6/1/2005,-0.311103611,-0.762383627,0.002067005,0.249477386,-5.480808963,1.602311321,0.208547662,-5.145648998,-0.277966488,-4.303875073,2.199760734
7/1/2005,1.137035946,-0.472007783,-0.119445582,-0.001706589,-4.125187791,5.74772304,-0.215079722,8.07536374,-1.045563967,-0.602423191,-0.135006252
8/1/2005,2.08704139,-0.079668898,0.079897188,-0.002969135,0.570153775,6.466995322,-0.588003169,3.079652869,-2.202280034,-1.342597599,-0.390756807
9/1/2005,0.71657329,-0.534885246,-0.101932192,-0.00980219,0.406188623,3.465822593,-0.614582476,-1.613506483,-1.414899909,-0.762228422,-0.210232348
10/1/2005,-0.462472291,-1.490076692,0.038635406,-0.317995047,-0.686055598,-6.992156785,-0.947074919,4.70865202,-1.728162403,-0.954257654,0.035360391
11/1/2005,-0.226873507,-0.40331291,-0.084087183,0.086925403,0.062707965,-0.229096141,-0.61877382,-0.285705008,-3.869844343,-3.195988116,0.007370586
12/1/2005,0.500074343,-1.499802213,-0.108254567,8.653082825,-0.646646667,0.202358454,-0.327747736,-0.078056437,-2.013238685,2.886178168,-0.758604665
1/1/2006,-0.331531522,-0.273145235,-0.187718302,1.674929305,-0.274498378,-0.344888658,-0.14035021,-0.160465567,-1.081374951,4.727094236,-0.310668291
2/1/2006,5.117372046,-2.09091893,-0.11252005,0.708095036,0.506722919,0.254843022,-0.145455166,-0.135512276,0.422989664,0.15457116,-1.271379501
3/1/2006,11.00440651,-0.161906689,0.850353124,2.875089633,-2.329871476,-0.295116426,-0.034466945,-0.261487124,-0.222230852,0.426557541,-1.04959522
4/1/2006,3.199427703,-1.392848678,0.287443318,6.313706766,-0.733966392,0.156500759,-0.590265759,-0.692176083,-0.88028376,2.756298894,-0.529231331
5/1/2006,0.40210884,-2.595482691,-0.107620142,-0.015863055,-3.316833973,-0.133457764,-0.055276775,3.924320449,0.804748551,2.064377785,-0.793013047
6/1/2006,1.084563227,-1.524728106,-0.023938368,-0.025901169,-7.043837299,0.951953121,-0.182196666,-1.680854839,-0.071704495,1.857010738,-0.646069528
7/1/2006,-0.745175441,-0.794313104,0.166690009,-0.007004788,-3.902803338,5.655657229,1.31330997,-2.705153838,0.266561358,0.711884022,0.173764047
8/1/2006,1.305743229,-0.44463386,0.090103232,-0.02733978,-6.556745944,4.18379029,0.07263564,-2.648885644,-1.51886486,-0.974200363,-0.749447073
9/1/2006,-0.569429107,0.849295419,0.003896644,-0.032745204,-2.878626689,-3.266364678,-0.20121449,2.309037996,-0.653369033,0.405077763,-0.77907923
10/1/2006,-0.616592915,1.093209057,0.903903249,-0.436492274,-1.489775119,-1.310211938,0.19973758,-4.888551474,-2.306316013,-0.156499552,-1.175269169
11/1/2006,-0.592317661,-0.227228868,-0.090386207,0.052908853,-0.446836407,-3.839581694,0.145997396,-0.211429201,-1.10595217,-0.654192385,-0.602803772
12/1/2006,-0.849169894,1.45493253,-0.121168718,-0.79789164,-0.693953667,-0.970531568,0.286843825,-0.065046602,1.674268945,1.60789791,-1.096453686
1/1/2007,-0.217196939,1.384730541,-0.01783076,-2.390711204,-0.63486049,-0.19861943,0.10071841,-0.179588771,0.105783395,-2.611305651,-0.517911912
2/1/2007,-2.343061556,-0.718093188,0.820753206,1.43696972,-0.243839391,-0.180519883,0.07335873,0.537554683,-1.348769846,-3.139933006,-0.977457225
3/1/2007,-2.807892029,0.113219768,0.023443344,-2.940187288,-1.125090659,-0.368690909,-0.22395616,0.269316437,-2.254447401,-6.481903076,-1.015006287
4/1/2007,-1.433504841,-0.819804378,-0.383636795,-1.055594076,-2.991065544,0.21449441,-0.011079915,0.766990444,0.408527924,0.555872793,-0.325508109
5/1/2007,-0.796070285,-0.526000603,-0.084692098,-0.257334075,-6.561692238,2.5289668,-1.073730373,-1.216334592,-1.426372513,-0.494408607,0.101248574
6/1/2007,-0.84770426,-0.535067009,-0.031053434,-0.031277407,-9.457140674,-4.188267044,0.907663654,-1.810178798,-0.081649769,-1.545960053,1.625817596
7/1/2007,-0.466749211,-0.13780287,-0.026945008,0.008207307,2.049665534,-4.219523969,3.163134399,12.09596692,-0.209520371,-1.022321701,-0.603191364
8/1/2007,-0.147015202,0.115864855,-0.028225221,-0.019106969,-3.032073912,6.327634894,2.851068486,-5.721715844,-0.682929505,0.144751673,-0.407876364
9/1/2007,0.826206974,-0.757212478,-0.009024302,0.038208986,-2.984996184,-9.554797753,0.010492149,2.590844942,0.32182256,-1.22808998,-0.870354683
10/1/2007,0.132397472,0.283789186,-0.183996968,-0.018530419,-1.931433973,4.539221961,-0.849835782,1.599808693,-2.202083702,0.533047987,-0.812137638
11/1/2007,0.325197885,-0.965275634,-0.037946313,-0.849833391,-1.769115421,1.467624936,-0.306339601,0.64649973,2.640404795,1.581553998,-0.353862529
12/1/2007,-0.162782594,-0.553490679,0.346191831,-1.526079082,-0.508618999,-0.82585299,-0.250628505,-0.073151187,-1.157572047,-0.121567574,1.515290301
1/1/2008,0.633779171,-0.338730133,0.463382125,3.509309455,-0.727607076,0.197512503,-0.041138066,0.195745704,2.516652278,10.95566517,0.564166128
2/1/2008,-1.730074634,0.049764602,0.716378201,-1.141445913,-1.006197937,-0.144209687,-0.140282474,-0.187728597,-0.803940716,3.630794152,1.876723647
3/1/2008,-1.744296496,2.568414718,-0.302406905,-2.464719427,-1.622085869,-0.216874005,-0.079613768,-0.289608238,-0.781184137,0.3157444,-1.218378527
4/1/2008,0.376869062,1.899094633,0.46940247,-1.18065982,-2.794457477,0.369893255,0.04881262,-0.845639208,-2.388991045,-6.249938136,-0.713717332
5/1/2008,-0.160954304,-0.154003247,0.107155421,-0.253315541,-6.279531479,1.287618533,-0.914227151,-3.225978146,-1.795778021,0.624213219,-0.70508695
6/1/2008,-0.28784111,1.776309324,-0.005086234,-0.043401682,-7.468880405,1.504941173,1.240458797,4.6997356,-0.660816062,1.087528125,-0.269598008
7/1/2008,0.986082892,0.011131375,-0.001554472,-0.006047029,-1.591219819,-3.008470121,-0.56465548,-0.37709941,0.508548109,-1.314139843,0.07309216
8/1/2008,-0.347533691,-0.278596419,-0.030548654,-0.023073469,-0.718739924,-4.717372811,-1.126236688,0.841873252,-1.267772664,-1.848130817,-0.23603966
9/1/2008,-0.223693081,1.926962417,-0.151431205,-0.040691192,-3.256955489,-2.963271722,-0.695148406,-7.149126219,-0.425971114,-0.332054071,0.21467325
10/1/2008,-0.051122905,-0.311291189,-0.132624861,-0.36375097,0.804333511,-1.394546312,-0.259657352,-2.540548325,-3.276835079,-1.030360388,-0.871627157
11/1/2008,-0.425153425,-0.956282664,-0.042426616,-0.257299348,2.894131844,2.212273393,-0.210000822,-0.181636878,-3.007521536,-1.543329654,0.078297729
12/1/2008,0.737598852,-0.03063194,-6.02E-05,-2.044379973,-0.736092582,-0.617355347,-0.314276787,-0.036436231,-2.583477156,1.119827422,-0.535592873
1/1/2009,1.058399322,-1.261325276,-0.145479098,-2.383575336,-0.979311843,-0.282993545,-0.018129854,-0.155816893,-0.887186356,1.740455213,-0.971220315
2/1/2009,-0.400941838,-0.394017489,-0.235831629,2.076638184,-0.932498284,-0.20307434,-0.106252297,-0.196615113,0.149674711,3.706159218,-0.499119043
3/1/2009,1.236835534,-0.037860841,-0.611755607,-0.835441602,-1.756521523,-0.203757526,-0.378177039,-0.449621913,-1.502118051,4.204429626,-1.221585615
4/1/2009,-1.018003008,-0.424472757,0.080072143,-1.329780375,-1.523211997,1.63844532,0.17385637,-0.385576704,-0.155432152,3.125588293,0.209732303
5/1/2009,-1.045973964,2.252614394,-0.039976559,-0.01662963,-5.462894917,0.475837604,-1.827700877,-3.236423741,-1.790532812,-2.519635201,0.119417083
6/1/2009,0.302516193,-0.648482012,0.159761415,0.035560265,-4.268804301,-1.227365307,-1.390162636,-11.52719406,-1.27847721,2.714388744,-0.721797885
7/1/2009,-0.083053847,0.196647017,-0.118247067,-0.010181875,-4.701972878,4.816513476,-1.000908313,-7.693784133,-0.812509925,-0.125881672,-0.521291021
8/1/2009,-0.37899648,0.51049934,-0.126603901,-0.026201332,-2.354128299,-11.39199249,-1.823580991,2.221235358,-0.119094838,-0.639672393,-0.694444968
9/1/2009,-0.622793414,0.138015312,-0.17561237,-0.038908776,-2.951669558,12.56173553,-1.949389872,-4.590000318,-3.920491301,-1.567043475,-0.594869555
10/1/2009,0.138372956,5.465734033,-0.18415875,0.251559028,-2.58654624,-8.041189474,-0.747591107,2.689451694,-4.078463192,-0.65028684,-0.778766517
11/1/2009,0.090172956,-0.777328778,-0.08487152,-0.710805922,-1.09297883,-2.933062639,-0.459406177,0.078989483,-1.983537104,-1.974541602,-0.791524833
12/1/2009,1.056518034,2.070672591,-0.128087931,-1.958555781,-0.442665685,-1.077752671,-0.059019785,-0.092614307,-1.38198425,-1.304741708,0.526353877
1/1/2010,-1.132281778,-0.138634241,0.352497101,0.767309829,-0.079479848,0.328081961,-0.081203951,-0.17847634,-1.211384721,-0.959602771,-0.571958424
2/1/2010,1.159300815,0.138353317,0.136229623,-0.77301649,-0.750785657,-0.262353935,0.578033194,-0.214736579,5.244694052,-8.671920196,1.863680482
3/1/2010,-0.230664199,-1.132550687,1.862614753,-2.328742159,-0.768208325,-0.470408679,-0.128940664,0.109542015,0.678733885,-11.39761543,2.210998314
4/1/2010,-0.179825207,-2.374365516,0.355946459,2.623053919,1.922469574,-0.451094208,-0.76002533,1.78239586,-1.67673962,-3.680165415,-0.330532542
5/1/2010,2.367469005,0.872203246,0.013725781,0.028437979,1.213159084,-3.324414357,-1.186272883,1.163254966,-1.654818519,-2.606549263,-0.436982084
6/1/2010,1.873556109,1.758089853,0.024217011,0.025041245,1.306426297,-5.075665287,-0.023943473,-3.608385128,-0.260773051,-3.615540131,-0.957438351
7/1/2010,0.672834258,1.103699772,0.194760399,-0.009299473,2.116041266,-8.450949254,0.573745074,-9.395549194,-0.157826455,0.91052866,0.498861548
8/1/2010,0.59714545,0.332889658,0.069683455,-0.025862239,-1.021231112,5.107069098,1.869198312,-5.57055465,5.351424943,0.612045412,1.132916489
9/1/2010,0.668082885,1.354409975,-0.175701568,-0.017496464,0.667577401,-14.18728028,-0.194122968,6.208629442,0.19537536,-0.164399556,1.968874662
10/1/2010,-0.112678112,-1.513715239,0.206164483,1.07387484,0.355327668,17.17058869,0.786603601,-1.578943253,-1.697476501,1.131717516,2.639413531
11/1/2010,0.590471099,0.545636308,-0.077443475,0.200185195,-1.633653114,5.591679368,-0.098580549,0.25853733,2.658400629,3.843263211,2.356580967
12/1/2010,0.737158374,-1.560313921,0.44446785,3.885090328,0.829539579,-0.491261751,0.015266884,0.000147557,1.3104894,2.533286246,5.586983244
1/1/2011,0.798689487,-0.967315829,-0.048932344,-1.914927617,-0.816752736,-0.299122629,-0.071824065,-0.192136804,1.208266429,10.15179593,2.279923021
2/1/2011,-0.099299897,1.931391446,0.18953656,-1.572779216,-1.13368816,-0.173445363,-0.080743327,-0.185081152,1.522757826,11.90861092,3.583797336
3/1/2011,3.517001684,3.514879256,0.559260609,9.273820388,-0.326032937,1.332996963,0.12095461,-0.041717765,4.055334151,13.82426834,1.233417766
4/1/2011,-0.607565543,3.538148932,0.422633566,0.58325399,-4.645362419,2.072749558,-0.467238315,-0.726601341,-0.699933933,15.51884925,0.455393562
5/1/2011,-0.442812749,0.49381055,0.434220233,0.254510379,-5.774181366,3.362434284,-0.000634813,-0.478145848,-0.905256017,16.71233654,0.297575843
6/1/2011,-0.343022256,0.043412758,0.033418716,0.24905312,0.606166135,6.598795124,-0.069112589,0.994890172,-0.071156013,2.439391033,-0.406362714
7/1/2011,0.162931542,-0.425595076,-0.018934292,0.015196078,-8.105850137,3.071154055,-0.332598386,-0.014439956,0.263026802,0.115598679,-0.291819456
8/1/2011,-0.51960932,-0.783414203,-0.062960468,-0.027084978,-4.417457042,4.694944465,0.45467471,8.929233634,-0.297156324,-0.339045877,0.464981475
9/1/2011,-0.652389802,-0.363281447,-0.044153193,-0.025659127,-0.891263827,17.74254836,4.919667783,5.317378832,6.862381375,1.400192567,1.748169153
10/1/2011,-0.299688937,-1.126178355,0.01993652,-0.254154017,1.322688403,3.918088156,0.197633655,-5.111246347,6.439279919,3.18935187,-0.332984929
11/1/2011,-0.945288946,1.288624179,0.060341615,-0.068961367,0.074478452,3.433038984,0.936722567,-0.25463748,-0.635298159,4.976848188,1.528097148
12/1/2011,-0.033540174,0.530649025,0.212879933,-2.466068887,-0.697142754,-0.388664335,-0.007958662,-0.029022635,0.379212602,3.814698371,0.502388399
1/1/2012,0.298237684,-0.372803367,-0.20095262,-0.522039489,1.248640443,0.124159928,-0.080758063,0.107286808,-0.928421088,14.46944005,1.826654493
2/1/2012,0.722432147,0.003335206,-0.517479669,-2.336283483,-0.338243015,-0.163303826,-0.110124692,-0.254110513,0.256147203,14.30316125,2.640197158
3/1/2012,2.168834741,-0.834798306,-0.688579676,-0.182988418,1.668195188,0.776937126,-0.414931215,-0.457919893,-2.892008245,6.960330963,1.107049482
4/1/2012,-0.400032899,-2.513226457,-0.655971974,-0.2434976,0.501177269,1.435804787,0.495532147,0.746827862,-2.698935436,2.888214941,-0.455904415
5/1/2012,0.406740598,-2.570760473,-0.148280598,-0.257256185,4.057887554,1.805017368,-0.234320068,-3.182716142,1.104414479,-0.423624992,0.114245188
6/1/2012,-0.464393048,-1.919057177,-0.043129069,0.002165626,-5.401906718,-2.48112183,-1.041515578,0.353109318,0.262360704,-2.128863438,0.357105075
7/1/2012,-0.298785825,-0.971286328,0.022061097,0.005942416,-1.683749116,-4.778029981,-1.364636359,-3.742938415,0.709587424,3.097967625,1.601654407
8/1/2012,-0.667085517,-0.603410024,-0.042276569,-0.00126363,1.670413556,-6.615114129,2.033052911,-0.740566171,3.25692011,-0.190328712,-0.409496001
9/1/2012,-0.342915424,-0.309799749,-0.093727315,-0.036397839,4.155101434,1.859703437,0.966995778,3.360318972,0.876877225,1.472443886,-0.398004801
10/1/2012,0.192699968,-1.049429984,-0.16009263,-0.082480928,-0.373925624,-7.205648225,0.812124164,-0.944714069,6.057763462,0.532830072,-0.855331455
11/1/2012,-0.120964637,-1.168788243,-0.065742962,2.479064599,2.132132237,-0.704608645,0.546639731,-0.129936598,4.892558191,-0.630284724,-1.014389282
12/1/2012,0.367995218,-0.755788367,-0.042550825,0.482992149,2.046147388,-0.920311332,1.040099729,-0.056363278,9.813656075,0.631275329,-1.009272893
1/1/2013,0.594793442,2.821232521,-0.107921318,-1.996080414,-0.840245698,0.371030743,0.086716654,-0.103826116,1.362057857,5.119908872,1.015711843
2/1/2013,1.204226027,-0.54612735,-0.649559703,-2.602597751,-0.046587117,-0.150490824,-0.100725844,0.296084346,0.110385713,11.22240029,0.963873029
3/1/2013,1.607931192,-0.191980332,-0.727509794,-2.461942685,0.563387334,-0.526429833,0.444759466,-0.287223098,5.962222159,14.09658432,0.401501672
4/1/2013,2.69676266,3.136364989,-0.566925473,-1.28934363,-1.528294128,-0.460827646,0.05730664,-0.691895941,2.022798611,3.499819631,-0.669582805
5/1/2013,0.835160903,1.574697868,-0.113072462,-0.225828246,5.090920925,-0.635284527,1.536296702,2.192047347,0.706353203,4.528582573,0.285310518
6/1/2013,0.271137686,0.37261541,-0.045731176,0.01806809,-5.82531618,1.297663875,-0.225277354,1.436716038,-0.102440465,3.140966312,2.141308128
7/1/2013,-0.802048643,-0.214538605,0.244139092,0.004002357,-7.41340915,1.183521685,-0.545288262,0.781452759,0.863359778,2.419451237,0.073980805
8/1/2013,-0.318847347,-0.552837152,0.098214381,-0.007793397,-2.674571452,-3.537975228,-0.199491988,4.671798789,-0.730792035,5.080211287,-0.380360863
9/1/2013,0.258274249,-0.59284671,0.258455327,0.134029063,0.742553369,6.351232902,-0.030687508,-6.644635366,-0.824372374,2.829589673,-0.114827306
10/1/2013,-0.416130246,0.027749567,0.143986288,-0.427161021,-1.478519139,0.178583342,0.231678279,7.030277729,-0.236278171,1.958011461,-0.917597626
11/1/2013,0.357865284,-0.444525826,0.299844641,-0.574016049,0.016704147,0.660076413,-0.047399292,-0.259973124,-0.6555213,8.141865316,-0.24357379
12/1/2013,-0.971097469,0.436036188,-0.147624419,-2.680185013,0.380533856,-0.361476451,0.033196408,-0.079055415,0.020184262,3.214776191,-1.171421756
1/1/2014,-0.900852678,-1.108525074,-0.149483413,-2.653232709,-0.95604368,-0.378492528,-0.130007042,0.524590728,-0.70897872,10.63999707,-1.006621123
2/1/2014,-1.890364637,-0.103045256,-0.041783701,-0.718635358,-0.81635762,-0.176092398,-0.137222573,0.773138286,-0.660465899,10.56589852,-0.843819618
3/1/2014,-3.271304076,1.872111827,-0.105291841,-2.559959901,0.994100988,-0.621941627,0.311690427,-0.34341639,0.092755854,15.5468483,0.675305383
4/1/2014,-0.278865477,2.645795874,-0.15712472,-1.298723151,-0.064296764,-0.131768999,0.255808346,-2.009992579,-1.778878139,0.880885,0.056805024
5/1/2014,1.505559615,0.813953773,0.020816811,-0.251092161,-4.029844761,-1.8815075,2.16724763,-2.363105069,-2.690178975,-3.392428398,0.399402034
6/1/2014,-0.227672963,1.897010161,-0.039866896,-0.036902737,-5.187715282,2.981934734,0.697047304,-7.448039096,-0.135862339,1.361198322,-0.097280206
7/1/2014,0.883662085,-0.058145077,0.062366175,-0.009452387,1.003492438,6.828148303,1.54382545,-10.85968722,0.073410361,-1.192569733,-0.393665585
8/1/2014,0.262393486,0.865096193,0.274763845,0.004870407,3.492122236,1.505275809,0.992702474,-0.359046853,-1.188869704,1.648495322,0.889509001
9/1/2014,1.197859458,-0.248386342,1.280707588,0.140927913,4.472125665,-8.358775719,0.207796874,1.881164385,0.313783086,0.57263691,-0.355419309
10/1/2014,0.660145341,0.000998287,-0.178076104,0.106770703,1.089482131,-8.488384527,1.147254856,-4.53796792,-0.898460502,2.244400812,-1.022982259
11/1/2014,-0.022618165,-0.706207979,-0.069318283,-0.256071791,1.26854295,-1.61689898,-0.030780027,-0.200506054,1.022632692,4.593637052,-1.06338117
12/1/2014,-0.08882217,-1.012923401,-0.082385756,2.776478744,-0.73724116,-0.004429013,-0.200085785,0.067620745,-0.333078162,2.673825416,0.821534913
1/1/2015,1.168722275,-0.255168474,0.196662485,-2.470423595,-0.356153165,0.345469649,-0.098563602,0.108459261,-0.01140029,3.442782941,0.182858049
2/1/2015,-0.66070198,-2.142763884,-0.482921641,-1.719924964,0.001990191,-0.070342783,-0.117458298,-0.066554604,2.70526248,-2.683145896,-1.006119639
3/1/2015,-1.258267825,-0.614369363,-1.020439294,-3.235921336,-1.116961777,-0.51616043,-0.000250898,1.23692024,1.972866118,1.379772186,-1.233496351
4/1/2015,-0.8293704,0.452883295,-0.583757378,-1.235991155,-2.573052448,-0.715456781,-0.500644572,0.339064142,-1.614194797,-2.392699366,1.277972111
5/1/2015,-0.471892782,0.328461543,0.241231181,-0.234087107,2.117277622,-3.58802472,0.744411803,0.633398284,0.79691507,1.372303963,0.191461336
6/1/2015,-1.068159549,0.58194573,0.045024471,-0.035653805,3.64330412,-5.153129391,-0.634993602,4.596265751,-0.580511439,0.515603916,0.765151082
7/1/2015,-0.843588103,0.9792262,0.090705591,0.00813732,-3.753250993,-11.07840592,-1.70730227,6.794697388,-0.882698209,-0.711164474,-0.105887118
8/1/2015,-0.560272086,-0.340973157,-0.006126053,-0.025274172,-0.547825274,-8.274785913,-1.656936656,2.560922706,-0.880531539,-0.718579883,-0.127941212
9/1/2015,-0.119803079,-0.979948539,-0.142916063,-0.02974166,0.562661783,-7.416719063,-0.934962926,-7.854252981,-2.228574836,-1.741882257,-0.643969507
10/1/2015,0.439022123,-0.53237638,0.210108522,-0.386287591,2.535639587,-5.911064905,0.394982727,-4.335142493,-1.933419818,-2.82877581,-0.634393756
11/1/2015,-0.18871372,1.437950265,-0.043912094,-0.604868397,5.08377475,-0.889481749,0.95579355,-0.157823466,3.321179483,-3.177402434,-0.203143363
12/1/2015,-1.114324077,3.430842955,-0.134770625,-1.373863124,4.830957692,-0.060373098,0.32416426,-0.079592196,0.105734094,-6.251540032,-0.55568542
1/1/2016,1.074768427,-1.236625827,-0.015916586,3.1482784,4.330137159,0.15268832,0.150191994,-0.169408398,1.354863338,-9.817668376,0.386485039
2/1/2016,1.446789275,-0.729025395,0.402095545,-2.430258669,-1.160441704,-0.151543413,-0.151460021,-0.090510099,-0.654305878,-9.218920127,-1.186591476
3/1/2016,-2.484817927,0.873997718,-0.739140389,2.201366889,1.246311605,-0.829327793,-0.105477177,0.03088558,2.940846503,1.691961288,-1.274297921
4/1/2016,0.08982406,0.372967772,-0.311380259,-1.192548831,5.98639341,-0.845583734,0.199897401,0.261147997,3.433925701,-2.482297068,-0.50998815
5/1/2016,0.443401269,-1.07113634,0.093569704,-0.193760754,4.182206631,-2.110695466,4.23021493,0.832790603,1.429541127,-4.570516586,0.25264765
6/1/2016,0.594253273,-0.822879003,-0.018396943,-0.02245187,3.145974408,-0.860675625,0.771287988,-7.241388362,0.459746968,-2.176908597,2.679126798
7/1/2016,0.371898989,-0.052625926,-0.035019217,-0.0065094,4.508863532,-10.50915295,0.46061832,3.868244752,-0.124731691,-0.562346935,1.26877844
8/1/2016,-0.019377578,1.658177715,0.109306865,-0.028139897,-3.697934565,-7.024711526,0.143707265,2.328107917,-0.042001714,-0.096090669,0.864704409
9/1/2016,-0.307594784,-0.17212351,0.088502577,-0.021423928,-0.4419149,0.423384086,-0.537685332,-5.851231741,0.803873456,0.44519312,4.243050067
10/1/2016,0.365298926,-1.064961047,-0.137746301,1.146212587,0.765151324,2.683160025,-0.109456508,-3.446076155,-1.969638938,0.94995339,-0.098170345
11/1/2016,0.161192367,-0.645241785,0.058587078,-0.231914684,0.784225886,4.516670976,-0.410563687,0.388443686,-0.644699003,-0.015480456,-0.909128343
12/1/2016,-0.948073461,-0.815013569,0.040941186,0.098135448,-0.014756638,5.293973535,-0.291146237,-0.032466435,-1.002103107,1.771977576,-0.678646286
1/1/2017,-1.005963621,0.388736927,0.350250959,11.23797195,-0.350809668,0.456062908,-0.130019227,0.033227769,0.483030252,7.613475385,-0.584573568
2/1/2017,9.941453467,-0.418357642,1.120157231,14.16230436,-0.785197266,0.231866743,0.157146886,-0.148125915,1.745615778,5.626523598,-1.285167366
3/1/2017,0.414658601,-2.521286219,1.158387067,1.275906074,1.446458757,0.203684567,-0.12151172,0.185813549,2.161001265,4.915534973,1.081546562
4/1/2017,0.309231141,4.267998747,-0.120906554,0.512259374,-1.94397406,0.391276303,0.05708193,2.550905725,1.794020725,1.738518591,-0.189989856
5/1/2017,-0.303790637,0.183905021,0.127722718,-0.210625582,-3.077172756,2.408173457,1.151262379,1.087854613,2.769264237,-1.271256447,-0.259764302
6/1/2017,-0.572877436,-0.466834234,-0.039448984,-0.031089779,10.90130354,-1.088544659,-0.10340016,-0.849672359,0.076091182,-1.900082215,-1.061064334
7/1/2017,0.004946093,-0.100904138,0.090509998,-0.00820085,-7.414354241,16.94607967,-0.545488295,-3.096318618,0.649306147,-0.526300907,-0.484518442
8/1/2017,-0.367792297,1.199549538,-0.052022509,-0.020960541,6.595807615,-3.833894647,-0.231893073,-0.510934747,0.359289895,-0.978651161,-0.044935486
9/1/2017,0.279509358,-0.866871375,-0.059058243,-0.0206744,3.571978227,-11.13426267,0.134203019,-5.737767385,0.612838185,0.544721909,-0.89344458
10/1/2017,-0.091472925,0.370442657,-0.186496329,-0.450291673,1.926160636,2.900479514,-0.097463815,2.80704546,2.229747181,-0.003319429,0.38551491
11/1/2017,0.141828606,-0.862177837,-0.087832308,0.284834519,-0.860191996,0.798514161,-0.121973226,-0.1950754,7.254213426,0.207873883,-0.357395893
12/1/2017,0.389846042,-1.070280593,-0.194774455,-2.662829124,-0.565692011,1.044556707,-0.275917474,0.22027055,0.043582185,4.672694358,0.024286907
1/1/2018,-0.159619567,-0.562442458,-0.263814763,-1.359706596,0.406466867,0.202833648,-0.133430986,-0.133558611,-0.592166491,-0.489075122,-1.068266974
2/1/2018,-2.244470348,4.20865318,-0.62292121,-3.130690284,-1.270546951,0.017005738,0.122069076,-0.250758445,3.253501234,3.777791604,0.052680135
3/1/2018,2.199750955,-0.412877053,-1.005077985,-0.382375968,-0.981995642,0.07904744,0.076687135,-0.526092229,-1.424112737,-1.822500229,-1.06620915
4/1/2018,-0.214067599,-0.456395097,-0.569187484,-0.041237344,-1.548410934,0.33532733,0.214664928,-0.367779234,1.133623673,4.735873098,-0.716201714
5/1/2018,-1.186102458,-1.766188964,-0.114065572,-0.197587372,-3.528027058,-2.398551091,0.410724021,-0.50519539,1.358699337,0.148682594,-0.757459614
6/1/2018,0.749969454,0.161100699,-0.026958112,-0.04268073,-8.06864809,2.103882976,-0.131275465,-2.623050731,0.086483252,0.045307056,-0.890730054
7/1/2018,-0.023025055,-0.384672554,0.014969515,-0.001720996,1.580701911,12.99888652,0.444630923,-5.767632858,-0.160717995,0.71993494,-0.671055037
8/1/2018,-0.592571247,0.081079823,-0.03939376,-0.027320863,0.244565549,4.180759513,-0.864003907,-6.811244882,-0.086904039,0.186468726,-0.323526046
9/1/2018,-0.474325158,1.480911058,-0.102780977,-0.037722436,-0.335116728,-7.156970605,-0.386046586,-5.001126455,-0.436005675,1.224948712,-0.869044275
10/1/2018,-0.555956723,1.534066944,0.390167478,-0.357919483,-0.428222832,-8.443390172,-0.247559874,-3.980923653,0.324375515,0.643316103,-0.108235066
11/1/2018,-0.430377652,0.6395985,-0.07570003,0.26643087,0.530348723,-1.69522449,-0.327903042,-0.282603227,-0.657623675,0.66299397,-0.314593797
12/1/2018,-0.216162368,2.048400481,-0.164779056,-1.841667437,1.400497478,1.324697584,-0.008706641,-0.053134245,0.201649411,3.743474158,-0.965073873
1/1/2019,-0.357900259,0.392379486,-0.124313653,0.350334808,0.538791801,1.037782962,-0.067891313,-0.139367061,-0.370678492,0.726655545,-1.201044009
2/1/2019,0.20499898,1.715912073,0.255908717,5.573647938,0.738952629,-0.164424133,-0.040230959,0.413342358,0.255611238,2.298781975,-1.391900361
3/1/2019,-3.061921542,4.785732299,0.437224391,4.705655562,1.971843183,-0.386194946,-0.233012281,-0.116228638,-0.327608526,-2.196920395,-0.624265118
4/1/2019,-0.518460414,1.32139688,0.113286056,-0.586171676,-0.156888526,-0.807369528,-0.112406738,0.616119405,1.891944004,4.89395606,-0.285827151
5/1/2019,1.723802261,4.295034305,0.072839626,0.259937323,-0.436160564,-0.671181306,-0.338544392,-1.423206101,0.555340306,2.035618782,-0.236543644
6/1/2019,0.320103378,1.07368858,-0.028809157,-0.039935415,6.466523419,-3.162732891,1.066753219,-8.201577228,0.076039088,1.42871751,-0.928230496
7/1/2019,-0.196081658,0.111654966,-0.145013125,-0.011074056,1.43000611,-5.588441434,-1.256303963,12.48420773,0.308615534,0.097241402,-0.629456747
8/1/2019,-0.339854765,0.260210615,-0.160969999,-0.024429824,-1.835967479,18.3609105,-1.080462466,2.050823295,1.200658093,0.159736281,-0.679376407
9/1/2019,-0.48550836,0.433246177,-0.165046217,0.024311113,-0.684485301,7.452612296,1.313539567,13.47091277,0.875058091,0.017722674,-0.850950324
10/1/2019,-0.580438466,0.828129558,-0.209778428,-0.428042038,0.139193835,-7.477617544,1.538139255,-1.813111305,0.269956952,1.901362253,-1.06170543
11/1/2019,0.374679992,0.202758801,0.420134891,-0.311417803,-1.345848496,-1.381790604,0.443310549,1.018760659,-0.328873541,2.920197072,-1.044588929
12/1/2019,-0.012257858,-0.155916135,0.222419209,-0.829338574,-0.165362794,-1.038083658,0.487639654,0.289275324,-0.870136039,6.329810294,-1.344526187
1/1/2020,-1.424041745,2.662615501,-0.246641651,-1.126073197,2.824962284,-0.150083561,0.435460927,0.357713041,-0.536267825,-6.599162516,-0.301583708
2/1/2020,-1.447021474,1.715734689,-0.38272674,-2.94308839,2.724521152,-0.1369274,0.150960073,0.002818616,-0.62030119,-6.566812888,1.516504645
3/1/2020,-3.0000791,0.149486095,-0.251038072,-1.940819157,7.766775548,-0.237883807,0.586164095,0.526936176,-0.574109495,-6.818021774,0.63099076
4/1/2020,-1.235727092,-1.135666319,-0.510120265,-0.825704326,0.064742524,0.55701417,0.40066754,0.725443861,1.785662724,-1.989264613,0.885934958
5/1/2020,-1.350887008,0.680609599,-0.132477268,-0.138013982,2.860360622,-1.597215756,-0.159808301,4.076109161,0.38320686,0.980540276,-0.673018459
6/1/2020,0.522759171,0.274559332,-0.022908511,-0.033851184,18.40273977,-1.723278813,0.085035632,9.140535313,0.170398605,0.273019687,-0.570927383
7/1/2020,0.23229311,0.53952822,-0.162207404,-0.010716926,32.13113793,-6.427840772,0.07122499,4.259106263,0.48370537,0.156991482,0.038505193
8/1/2020,-0.121523726,-0.284273643,-0.088158026,0.222888261,8.86738545,2.403123939,3.368858804,1.825655066,-0.168744315,-0.431818122,1.441814938
9/1/2020,-0.103991516,-0.209644753,-0.177962879,-0.028461646,8.446863786,4.298677818,0.759411636,3.133281542,-0.181662166,0.073748656,-0.504433842
10/1/2020,0.779837905,0.091030388,-0.180888404,-0.40603946,1.365051093,30.08271142,-0.101247518,0.633095264,-0.543875808,-1.330647634,0.239274557
11/1/2020,-0.776805883,-0.132699001,-0.058105059,-0.422114923,-0.237004812,3.981799875,-0.028649161,-0.080228292,0.275879953,-2.711413798,-1.197328416
12/1/2020,0.5512826,-0.047064464,-0.164149721,-1.888787948,-0.6667105,-0.472887069,-0.108491611,-0.070276727,-1.362953918,-3.525460092,-0.20933636
1/1/2021,1.139490726,-1.125289476,-0.262833752,-0.522534922,-0.942117681,-0.32916816,-0.040427817,-0.05356251,-0.388027497,-3.303559718,-0.024546326
2/1/2021,-0.530841102,-0.88868788,-0.633891892,-1.362862386,3.6238017,0.872861828,-0.033598438,-0.23076292,-0.857481184,-1.451160804,-0.24639976
3/1/2021,-2.538630669,1.072916538,-0.761494574,-1.201193107,1.717827737,-0.132313134,0.394705512,-0.513336537,0.107362807,6.602485657,3.679144161
4/1/2021,-0.097804209,-1.482386299,-0.641885519,-1.3620434,-0.090623897,1.592045727,0.09905719,-2.161880353,0.474221302,-0.098050242,-0.604015878
5/1/2021,0.455860547,0.315449134,-0.135239522,-0.262966449,9.981618404,-1.116835698,-0.057498121,1.203451385,0.455498234,-2.758936882,-0.155729759
6/1/2021,-0.339174538,0.422872854,0.103568585,-0.006488476,1.777056943,1.361607738,-0.574231316,-2.088855785,0.837524783,1.774107829,1.070326387
7/1/2021,0.287410359,0.447021334,0.222946125,0.034972959,4.308305823,-4.672765317,0.612056079,-6.467906371,0.196997254,0.724658966,0.039900359
8/1/2021,0.060491097,0.248219353,0.055337779,0.002558492,14.47654492,-6.202861703,-0.530705939,-4.622871316,0.711067925,1.087636118,-0.350175879
9/1/2021,-0.580458291,-0.643273551,-0.141488405,0.010468865,2.153957025,6.260927573,0.593923393,-5.182126211,1.640550054,0.894910641,0.276214449
10/1/2021,-0.316388668,0.055934935,-0.013539385,2.181414256,0.637069764,10.187463,-0.416068523,5.545986652,1.325168972,0.400888754,-0.577314918
11/1/2021,-0.263406982,-1.214372295,-0.074693436,-0.359599337,-0.75254255,1.15915421,-0.405504266,-0.231934302,-0.286631491,0.354758802,3.659462685
12/1/2021,0.512573913,-1.051389973,0.094326235,-0.432227158,-0.678983394,-0.235613793,0.03639837,0.218972987,0.260932668,2.252414855,-0.651697834
1/1/2022,-0.985832093,-1.215350068,-0.272230923,-2.048549429,0.418569829,0.085467423,0.170201631,0.567763147,-0.608262845,-2.89483684,1.393011867
2/1/2022,-1.51507472,-0.586863549,-0.576413285,-3.072089471,2.094674341,1.496912922,0.439428851,0.28684199,-2.402043047,-4.216724769,0.431451559
3/1/2022,-1.819038336,-1.064220399,-0.496052561,-1.165115846,-0.302469075,3.35042703,0.719471313,0.467458847,1.473389208,-0.903728485,1.308415668
4/1/2022,0.082069257,-1.569772669,-0.382021181,-0.159757723,1.810559708,1.83061594,0.163352362,0.621839544,0.799769474,-0.436570292,2.602320084
5/1/2022,-1.179634877,-0.859565362,-0.104664496,-0.203639151,2.84166193,6.609641925,-0.434111976,3.961100806,1.864840523,-0.22380352,2.492748153
6/1/2022,-0.558162002,-1.274302172,-0.004301558,-0.024846323,7.366667996,-0.211207203,-0.23851793,8.342071492,0.823583972,3.902933017,-0.679677786
7/1/2022,-0.681513567,-0.429932506,-0.063165826,0.003525345,-5.822074807,0.856399951,2.704737487,-13.10940684,1.262194722,1.35952425,0.524431226
8/1/2022,-0.424644161,-0.286201018,0.101186805,-0.012530031,-7.958896575,3.62254914,0.448549737,-5.181571878,0.680288564,0.787387495,1.337554255
9/1/2022,0.256683401,-1.240623611,-0.079128841,0.082274439,-3.258325442,10.69700851,0.229602637,-2.777867483,1.784532941,-0.264864616,2.423140972
10/1/2022,-0.401994706,-1.324352355,0.007788423,-0.431937063,-0.962711987,6.855624396,-0.295526473,6.229899883,1.479588871,0.69655831,8.765871461
11/1/2022,-0.264749279,-0.070609439,-0.009801011,0.475954905,-0.409512455,-0.51129004,-0.297274688,-0.226433218,-0.442288782,-1.110399184,1.993017668
12/1/2022,0.103555516,0.407075007,0.16507522,2.538723446,-0.633452687,0.817752331,-0.076101821,-0.033322,-0.094815509,-3.932299462,-0.757632632
1/1/2023,0.944873216,0.524684631,0.455404997,3.590271636,-0.716981237,0.28308403,-0.075363433,-0.12192111,-0.709184237,-5.685666499,-0.416681946
2/1/2023,-2.301437248,-0.341982396,-0.277962576,-0.252014675,-0.395639666,-0.113727171,-0.099370002,-0.186538546,-0.406446161,-9.367901222,-1.369283885
3/1/2023,-3.521106188,-0.788809747,0.566286209,8.289412963,1.855260789,-0.726699473,0.125039078,0.279860618,-1.152440012,-6.029769897,0.276943104
4/1/2023,-0.048278472,-0.73398728,3.217724242,2.191354881,1.597019631,-1.523364005,0.669960729,-1.676779845,3.094146801,-2.926249628,0.156162211
5/1/2023,-0.479209848,-2.119580849,0.019785442,0.117327399,-2.649786472,-2.437451943,-0.344630384,-3.309496652,1.186029927,-1.772198677,-0.620997224
6/1/2023,-0.141800671,-1.047260808,0.005264734,-0.030530057,-4.013458003,-2.631431393,-0.298289229,-0.702926677,0.96958102,-2.218426331,-0.179949821
7/1/2023,-0.127998968,-0.300653846,-0.133098451,-0.010721699,-0.477418817,-3.574580732,-0.242138324,-7.918872253,0.349916546,-0.417885303,0.304328915
8/1/2023,0.65232743,-0.392334956,0.029098354,0.118478343,1.932678762,-3.082506097,-1.640842925,-0.866292871,1.05224062,-1.129468555,-0.614976934
9/1/2023,-0.524589606,-1.195709366,-0.111474389,0.02955574,0.68814911,4.254705802,-1.270880875,-1.985534834,-0.383550727,-0.574091129,-0.896967055
10/1/2023,-0.310940982,-0.887495251,-0.171802819,-0.410705594,-0.291328368,0.764373023,0.532007368,-0.212763786,1.280174618,-2.401831316,-0.433618192
11/1/2023,1.74839134,-1.210806835,-0.017676446,-0.566683009,-0.209283526,-0.248750653,0.372263243,0.451194919,0.248904322,-3.673508582,0.686586613
12/1/2023,0.480057792,-1.273789268,-0.000701033,-0.096950554,-0.420140315,-0.358401984,0.184282053,0.076247862,-0.843309657,-6.462409821,-0.068460901
1/1/2024,-0.247704503,1.651379787,-0.075491399,-0.196820811,0.407471444,-0.270401848,0.291965158,-0.162244326,-1.027746745,-9.883405146,1.268124639
2/1/2024,-2.608279218,-1.802724035,-0.102923047,0.24303504,0.278175823,-0.212133091,0.339021787,-0.188494412,-2.321883264,-12.22260894,-0.638792217
3/1/2024,-4.220457738,-3.231404752,0.584953787,-1.953783167,-0.501787245,-0.353255035,-0.122713111,0.112566593,0.077805102,-14.53186417,-0.369092448
4/1/2024,-1.023163578,0.02968841,-0.06071677,-0.523616482,9.895519692,-1.792686043,0.451966397,-1.478090027,1.982094837,-6.988281374,1.039387474
5/1/2024,-0.097644158,0.076502219,-0.082784712,0.581884301,-2.542684078,0.854705707,-0.236928129,0.265842666,0.409994141,-2.054146767,2.900918853
6/1/2024,-0.126747994,-0.473225283,0.047528648,-0.039267385,14.62434698,0.077058025,0.013080548,4.237110096,1.196599376,-2.320725545,-0.877642096
7/1/2024,-0.205278297,0.662757008,-0.04628442,0.036130634,7.164638602,5.276224551,-1.566227851,1.797077759,-0.372376354,-1.878671169,0.529522774
8/1/2024,-0.740662682,-0.764202971,-0.032728098,-0.018548367,-4.080106196,-3.486028588,-1.624221335,5.49732598,-0.158607949,-0.979555721,-0.194105706
9/1/2024,1.157381706,-0.176871139,-0.224254843,-0.025842325,-3.12284027,5.842428581,-0.988684115,5.639905764,0.619903005,-1.341037444,-0.633219124
10/1/2024,-0.145573856,-1.438345523,-0.117100042,-0.421155566,0.066043201,0.674612242,-0.12371978,1.173250198,-0.371045703,-2.110541033,-0.664669041
11/1/2024,-0.248468032,0.934560907,-0.048046399,1.330240622,-1.031369204,-0.917366709,0.111959269,-0.150836297,-2.009516623,-2.176905093,0.329959864
12/1/2024,-0.367595657,-0.293070119,-0.171649065,-0.917908692,-0.690657776,1.199874967,-0.150989544,0.047909013,-1.702382581,-6.756462899,-0.254028637
1/1/2025,-1.043065307,-0.544122613,-0.23420959,-1.159667925,-0.63169006,-0.369346342,-0.0225922,-0.137589874,-0.411616393,-10.14842266,-0.759105862
